Date,bond_yield,budget_sur_def,fed_interest_rates,gdp,m2_money_supply,pers_consum_Expen,sp_500,unemployment,us_debt,us_dollar_index,volatility_index,cpi_all,cpi_adjusted
1990-01-01,8.99,8282.0,7.97,5872.701,1.848,3730.7,360.589996,5.4,3035.6,94.540001,17.24,127.5,4.905908309
1990-02-01,9.22,-35207.0,8.25,5872.701,1.848,3728.2,336.089996,5.3,3043.9,93.449997,24.87,128.0,4.91755923
1990-03-01,9.37,-53324.0,8.3,5960.028,1.859,3754.9,344.48999,5.2,3087.4,94.720001,21.9,128.6,5.19152475
1990-04-01,9.46,41829.0,8.3,5960.028,1.859,3770.0,347.299988,5.4,3062.8,94.32,22.84,128.9,5.276985365
1990-05-01,9.47,-42482.0,8.11,5960.028,1.859,3775.8,362.26001,5.4,3138.3,93.300003,18.43,129.1,5.166732439
1990-06-01,9.26,-11105.0,8.28,6015.116,1.856,3804.5,368.779999,5.2,3205.6,93.360001,17.09,129.9,5.370697673
1990-07-01,9.24,-25924.0,8.32,6015.116,1.856,3821.7,369.779999,5.5,3240.7,90.849998,16.26,130.5,5.516605952
1990-08-01,9.41,-52719.0,8.07,6015.116,1.856,3848.3,357.350006,5.7,3235.7,89.080002,21.64,131.6,5.836270781
1990-09-01,9.56,20768.0,8.06,6004.733,1.839,3870.1,326.529999,5.9,3264.5,87.389999,29.9,132.5,5.930360317
1990-10-01,9.53,-31364.0,8.25,6004.733,1.839,3870.6,319.690002,5.9,3325.9,85.519997,28.06,133.4,5.798506168
1990-11-01,9.3,-47723.0,8.06,6004.733,1.839,3871.9,323.019989,6.2,3414.6,83.620003,30.25,133.7,5.683108196
1990-12-01,9.05,-7387.0,7.61,6035.178,1.826,3861.3,333.980011,6.3,3469.8,85.389999,22.16,134.2,5.651092078
1991-01-01,9.04,1650.0,5.53,6035.178,1.826,3841.0,343.929993,6.4,3524.6,85.220001,26.38,134.7,5.815290409
1991-02-01,8.83,-26191.0,6.3,6035.178,1.826,3866.7,370.959991,6.6,3568.6,84.230003,21.04,134.8,5.8623588
1991-03-01,8.93,-41173.0,6.35,6126.862,1.833,3913.0,379.660004,6.8,3571.1,92.459999,21.23,134.8,5.474284579
1991-04-01,8.86,30009.0,6.48,6126.862,1.833,3907.1,391.26001,6.7,3560.4,94.459999,17.42,135.1,5.276160434
1991-05-01,8.86,-53367.0,5.9,6126.862,1.833,3933.2,389.850006,6.9,3603.3,93.580002,17.77,135.6,5.222445891
1991-06-01,9.01,-2579.0,5.92,6205.937,1.85,3940.5,389.809998,6.9,3623.5,96.75,15.93,136.0,4.934653949
1991-07-01,9.0,-40831.0,6.38,6205.937,1.85,3966.0,387.809998,6.8,3674.9,97.32,18.64,136.2,4.713410392
1991-08-01,8.75,-43649.0,5.86,6205.937,1.85,3969.1,396.820007,6.9,3750.4,96.559998,15.47,136.6,4.393094508
1991-09-01,8.61,-6887.0,5.5,6264.54,1.861,3984.7,397.619995,6.9,3807.2,93.769997,14.46,137.0,4.443594793
1991-10-01,8.55,-36594.0,5.4,6264.54,1.861,3976.0,393.809998,7.0,3894.7,92.029999,14.81,137.2,4.288991989
1991-11-01,8.48,-44684.0,5.03,6264.54,1.861,4003.6,398.220001,7.0,3935.9,89.760002,15.6,137.8,4.34967757
1991-12-01,8.31,-2534.0,4.86,6363.102,1.874,4020.5,418.320007,7.3,4066.6,87.870003,20.18,138.2,4.346967664
1992-01-01,8.2,-15668.0,4.09,6363.102,1.874,4084.7,421.179993,7.3,4009.3,88.68,19.31,138.3,4.052308746
1992-02-01,8.29,-49180.0,4.4,6363.102,1.874,4099.5,418.079987,7.4,4021.4,89.919998,17.4,138.6,3.861765064
1992-03-01,8.35,-50712.0,4.13,6470.763,1.905,4117.0,413.779999,7.4,4038.0,91.529999,16.88,139.1,3.975844252
1992-04-01,8.33,14603.0,4.98,6470.763,1.905,4131.5,416.279999,7.4,4049.1,90.779999,16.48,139.4,4.066438773
1992-05-01,8.28,-46773.0,3.75,6470.763,1.905,4158.4,418.75,7.6,4126.6,89.599998,16.61,139.7,3.926410529
1992-06-01,8.22,3782.0,3.96,6566.641,1.931,4177.1,417.299988,7.8,4194.9,87.809998,14.43,140.1,3.860188559
1992-07-01,8.07,-43147.0,3.89,6566.641,1.931,4204.8,424.799988,7.7,4226.8,83.970001,13.34,140.5,3.769367667
1992-08-01,7.95,-24742.0,3.37,6566.641,1.931,4220.9,425.140015,7.6,4316.0,82.57,13.17,140.8,3.628120085
1992-09-01,7.92,5310.0,3.39,6680.803,1.951,4255.3,425.269989,7.6,4341.8,85.959999,13.4,141.1,3.349237754
1992-10-01,7.99,-48792.0,3.58,6680.803,1.951,4284.7,421.160004,7.3,4299.2,87.93,16.31,141.7,3.6359146
1992-11-01,8.1,-32726.0,3.04,6680.803,1.951,4300.5,431.929993,7.4,4372.2,91.550003,16.67,142.1,3.629469745
1992-12-01,7.98,-38947.0,3.17,6729.459,1.971,4336.4,442.649994,7.4,4412.8,92.519997,12.8,142.3,3.478262556
1993-01-01,7.91,29817.0,2.66,6729.459,1.971,4340.7,442.660004,7.3,4446.0,93.75,12.57,142.8,3.528455109
1993-02-01,7.71,-48498.0,3.25,6729.459,1.971,4355.3,450.040009,7.1,4519.6,94.860001,12.33,143.1,3.561853788
1993-03-01,7.58,-43974.0,3.65,6808.939,1.985,4352.5,456.76001,7.0,4541.6,94.800003,13.6,143.3,3.334428143
1993-04-01,7.46,7817.0,3.31,6808.939,1.985,4393.4,452.630005,7.1,4570.5,92.309998,13.02,143.8,3.404237829
1993-05-01,7.43,-36963.0,3.01,6808.939,1.985,4422.4,454.549988,7.1,4590.6,91.379997,12.42,144.2,3.532736691
1993-06-01,7.33,11099.0,3.33,6882.098,1.997,4440.0,455.630005,7.0,4701.2,94.150002,13.67,144.3,3.569326945
1993-07-01,7.17,-39577.0,3.27,6882.098,1.997,4468.9,451.149994,6.9,4692.3,95.620003,11.51,144.5,3.422616714
1993-08-01,6.85,-23078.0,3.07,6882.098,1.997,4481.1,463.559998,6.8,4793.9,95.800003,11.47,144.8,3.508810757
1993-09-01,6.66,8517.0,3.25,7013.738,2.023,4511.5,463.799988,6.7,4798.7,94.150002,11.48,145.0,3.642383692
1993-10-01,6.67,-45422.0,3.19,7013.738,2.023,4532.8,471.100006,6.8,4804.1,95.339996,11.83,145.6,3.424737275
1993-11-01,6.93,-38381.0,3.15,7013.738,2.023,4554.1,469.109985,6.6,4816.6,96.370003,11.78,146.0,3.436277096
1993-12-01,6.93,-7705.0,3.07,7115.652,2.047,4571.1,471.290009,6.5,4853.9,96.849998,13.83,146.3,3.548475916
1994-01-01,6.92,15248.0,2.85,7115.652,2.047,4585.1,482.850006,6.6,4875.9,97.089996,11.66,146.3,3.375759896
1994-02-01,7.08,-41566.0,3.25,7115.652,2.047,4632.6,482.230011,6.6,4812.1,97.099998,10.65,146.7,3.415920384
1994-03-01,7.48,-32315.0,3.31,7246.931,2.08,4646.0,471.089996,6.5,4737.9,95.419998,15.83,147.1,3.570150943
1994-04-01,7.88,17454.0,3.64,7246.931,2.08,4671.1,452.790009,6.4,4686.7,95.330002,20.45,147.2,3.354397547
1994-05-01,7.99,-32057.0,3.73,7246.931,2.08,4669.5,457.769989,6.1,4702.8,93.75,14.11,147.5,3.225532887
1994-06-01,7.97,14850.0,4.33,7331.075,2.103,4708.9,463.230011,6.1,4713.8,93.580002,12.72,147.9,3.194738495
1994-07-01,8.11,-33198.0,3.82,7331.075,2.103,4720.6,459.329987,6.1,4741.3,90.559998,14.36,148.4,3.233880147
1994-08-01,8.07,-24275.0,4.34,7331.075,2.103,4762.6,477.589996,6.0,4780.2,90.309998,11.17,149.0,3.306714086
1994-09-01,8.34,4266.0,4.76,7455.288,2.139,4775.0,475.48999,5.9,4716.5,89.720001,11.86,149.3,3.254281644
1994-10-01,8.57,-31343.0,5.44,7455.288,2.139,4812.9,474.73999,5.8,4736.8,88.370003,14.28,149.4,3.164264289
1994-11-01,8.68,-37243.0,4.76,7455.288,2.139,4825.6,472.26001,5.6,4753.3,89.269997,14.84,149.8,3.128282179
1994-12-01,8.46,-4803.0,5.49,7522.289,2.155,4841.6,462.730011,5.5,4774.0,90.18,16.69,150.1,2.901446577
1995-01-01,8.46,15634.0,4.94,7522.289,2.155,4851.2,471.359985,5.6,4830.4,89.629997,13.2,150.5,3.144200833
1995-02-01,8.26,-38357.0,5.25,7522.289,2.155,4850.8,489.190002,5.4,4919.3,88.489998,11.73,150.9,3.124100115
1995-03-01,8.12,-50544.0,5.56,7580.997,2.151,4885.4,508.149994,5.4,4932.0,86.099998,11.65,151.2,3.167481169
1995-04-01,8.03,49722.0,6.3,7580.997,2.151,4890.2,515.289978,5.8,4945.8,83.029999,13.37,151.8,3.306684647
1995-05-01,7.65,-39555.0,6.1,7580.997,2.151,4933.1,533.409973,5.6,5113.5,84.839996,12.14,152.1,3.355294523
1995-06-01,7.3,12813.0,6.04,7683.125,2.142,4977.5,551.070007,5.6,5167.5,83.580002,12.21,152.4,3.332283478
1995-07-01,7.41,-13582.0,6.11,7683.125,2.142,4970.2,565.400024,5.7,5143.5,82.800003,11.38,152.6,3.386948974
1995-08-01,7.57,-33849.0,5.55,7683.125,2.142,5005.3,565.619995,5.7,5175.0,86.629997,13.56,152.9,3.23814109
1995-09-01,7.32,7191.0,5.72,7772.586,2.147,5020.5,587.609985,5.6,5192.5,87.470001,11.29,153.1,3.351697522
1995-10-01,7.12,-22758.0,6.2,7772.586,2.147,5013.9,590.659973,5.5,5234.9,84.900002,13.95,153.5,3.46411606
1995-11-01,7.02,-38452.0,5.76,7772.586,2.147,5055.6,608.690002,5.6,5270.8,85.379997,13.41,153.7,3.37996065
1995-12-01,6.82,5283.0,5.56,7868.468,2.147,5097.5,622.880005,5.6,5305.8,85.629997,11.11,153.9,3.379829487
1996-01-01,6.81,19456.0,4.73,7868.468,2.147,5085.7,636.179993,5.6,5307.9,87.720001,12.19,154.7,3.277075064
1996-02-01,6.99,-44346.0,5.27,7868.468,2.147,5132.8,664.22998,5.5,5241.1,87.559998,12.65,155.0,3.259936249
1996-03-01,7.35,-47071.0,5.81,8032.84,2.165,5173.3,656.969971,5.5,5296.2,87.120003,16.72,155.5,3.134500987
1996-04-01,7.5,72404.0,5.53,8032.84,2.165,5208.0,656.679993,5.6,5239.9,88.290001,17.9,156.1,3.004778103
1996-05-01,7.62,-53051.0,5.41,8032.84,2.165,5223.8,681.099976,5.6,5239.3,89.040001,16.07,156.4,3.047772222
1996-06-01,7.71,34340.0,5.31,8131.408,2.171,5229.8,680.320007,5.3,5294.8,88.559998,16.07,156.7,3.051784638
1996-07-01,7.65,-26856.0,7.8,8131.408,2.171,5251.9,675.880005,5.5,5311.5,88.32,13.78,157.0,3.087421545
1996-08-01,7.46,-41831.0,6.29,8131.408,2.171,5275.0,670.679993,5.1,5303.1,86.959999,18.76,157.2,3.083473301
1996-09-01,7.66,35257.0,5.28,8259.771,2.176,5296.6,690.880005,5.2,5357.4,88.120003,17.01,157.7,3.063090207
1996-10-01,7.39,-39805.0,5.53,8259.771,2.176,5328.5,714.099976,5.2,5436.7,88.529999,17.05,158.2,2.943741816
1996-11-01,7.1,-37878.0,5.19,8259.771,2.176,5351.2,762.119995,5.4,5529.3,87.959999,17.89,158.7,2.980390413
1996-12-01,7.2,18490.0,5.44,8362.655,2.174,5378.6,761.75,5.4,5496.2,89.139999,17.93,159.1,3.05642197
1997-01-01,7.42,13364.0,6.26,8362.655,2.174,5411.1,794.669983,5.3,5471.7,93.589996,20.92,159.4,2.91241515
1997-02-01,7.31,-44010.0,5.37,8362.655,2.174,5434.0,817.679993,5.2,5491.6,95.800003,19.47,159.7,2.802464903
1997-03-01,7.55,-21323.0,5.5,8518.825,2.19,5454.2,814.900024,5.2,5464.2,96.32,21.1,159.8,2.854608076
1997-04-01,7.73,93939.0,6.18,8518.825,2.19,5459.3,804.130005,5.1,5458.3,97.470001,20.84,159.9,2.910920374
1997-05-01,7.58,-48494.0,5.73,8518.825,2.19,5460.2,851.869995,4.9,5468.6,97.349998,19.87,159.9,2.870203143
1997-06-01,7.41,54635.0,5.58,8662.823,2.192,5494.2,902.090027,5.0,5520.4,96.220001,20.85,160.2,2.828445596
1997-07-01,7.14,-25624.0,6.24,8662.823,2.192,5548.8,957.72998,4.9,5604.5,100.0,21.0,160.4,2.752239262
1997-08-01,7.22,-35189.0,5.65,8662.823,2.192,5587.0,964.169983,4.8,5576.0,101.790001,22.29,160.8,2.653670773
1997-09-01,7.15,49940.0,5.52,8765.907,2.184,5601.7,960.590027,4.9,5623.9,100.230003,24.53,161.2,2.544804261
1997-10-01,7.0,-35968.0,5.65,8765.907,2.184,5637.7,983.119995,4.7,5678.3,98.220001,22.32,161.5,2.618900715
1997-11-01,6.87,-17349.0,5.56,8765.907,2.184,5661.1,964.549988,4.6,5713.0,97.989998,35.09,161.7,2.548580799
1997-12-01,6.76,13639.0,5.92,8866.48,2.17,5692.1,986.25,4.7,5777.0,99.730003,26.01,161.8,2.621535622
1998-01-01,6.61,25379.0,5.84,8866.48,2.17,5689.9,992.650024,4.6,5808.6,101.68,24.01,162.0,2.673178027
1998-02-01,6.67,-41750.0,5.48,8866.48,2.17,5723.8,1051.660034,4.6,5805.5,101.040001,21.36,162.0,2.691552555
1998-03-01,6.72,-13813.0,5.57,8969.699,2.155,5750.3,1113.069946,4.7,5817.4,101.690002,19.19,162.0,2.672304266
1998-04-01,6.69,124603.0,5.72,8969.699,2.155,5788.1,1132.97998,4.3,5771.7,102.110001,23.37,162.2,2.640497846
1998-05-01,6.69,-38779.0,5.46,8969.699,2.155,5837.9,1130.52002,4.4,5801.3,100.660004,19.34,162.6,2.611332031
1998-06-01,6.53,51106.0,5.79,9121.097,2.155,5871.7,1145.150024,4.5,5866.6,102.449997,22.83,162.8,2.600204475
1998-07-01,6.55,-24084.0,6.35,9121.097,2.155,5890.0,1190.579956,4.5,5833.1,102.669998,18.0,163.2,2.603335947
1998-08-01,6.52,-11166.0,5.63,9121.097,2.155,5925.0,1121.790039,4.5,5967.1,102.879997,24.8,163.4,2.633982138
1998-09-01,6.4,37425.0,5.75,9293.991,2.14,5965.6,1066.109985,4.6,6017.5,100.129997,36.48,163.5,2.594217982
1998-10-01,6.37,-32440.0,5.73,9293.991,2.14,5998.8,1103.780029,4.5,6020.2,96.309998,43.48,163.9,2.535056337
1998-11-01,6.41,-16937.0,5.35,9293.991,2.14,6015.4,1192.969971,4.4,6028.0,96.940002,27.26,164.1,2.523581703
1998-12-01,6.22,-5156.0,4.82,9411.682,2.129,6070.5,1244.930054,4.4,6035.8,96.139999,24.97,164.4,2.437823
1999-01-01,6.24,70505.0,4.07,9411.682,2.129,6073.9,1280.369995,4.3,6042.3,96.239998,24.42,164.7,2.383116
1999-02-01,6.4,-42337.0,4.86,9411.682,2.129,6099.2,1283.839966,4.4,5925.4,99.480003,27.67,164.7,2.316234
1999-03-01,6.62,-22409.0,5.1,9526.21,2.124,6133.0,1323.819946,4.2,5947.5,100.790001,28.37,164.8,2.237507
1999-04-01,6.64,113459.0,5.41,9526.21,2.124,6199.5,1371.560059,4.3,5876.5,101.360001,22.06,165.9,2.226592
1999-05-01,6.93,-23969.0,5.03,9526.21,2.124,6232.1,1375.97998,4.2,5837.9,102.639999,25.07,166.0,2.153318
1999-06-01,7.23,53568.0,4.78,9686.626,2.128,6260.3,1372.930054,4.3,5848.4,103.480003,26.62,166.0,2.070264
1999-07-01,7.19,-25164.0,5.76,9686.626,2.128,6287.6,1420.329956,4.3,5820.7,104.879997,19.69,166.7,2.111144
1999-08-01,7.4,-2803.0,5.07,9686.626,2.128,6331.9,1382.839966,4.2,5832.3,101.459999,25.59,167.1,2.094839
1999-09-01,7.39,58042.0,5.41,9900.169,2.146,6386.5,1361.390015,4.2,5828.5,101.269997,22.93,167.8,2.070746
1999-10-01,7.55,-26326.0,5.26,9900.169,2.146,6411.4,1373.170044,4.1,5830.4,99.919998,24.93,168.1,2.04962
1999-11-01,7.36,-27031.0,5.38,9900.169,2.146,6448.7,1425.310059,4.1,5814.4,102.339996,22.09,168.4,2.147821
1999-12-01,7.55,33081.0,5.71,10002.179,2.135,6541.0,1473.099976,4.0,5852.5,102.760002,22.23,168.8,2.167848
2000-01-01,7.78,62152.0,3.99,10002.179,2.135,6542.9,1478.0,4.0,5777.2,105.279999,24.64,169.3,2.335519
2000-02-01,7.68,-41734.0,5.79,10002.179,2.135,6625.3,1444.550049,4.1,5835.2,106.860001,23.45,170.0,2.379221
2000-03-01,7.68,-35380.0,5.78,10247.72,2.151,6686.5,1552.869995,4.0,5926.6,106.610001,21.64,171.0,2.483286
2000-04-01,7.64,159497.0,6.17,10247.72,2.151,6679.1,1527.189941,3.8,5813.7,110.32,24.11,170.9,2.409239
2000-05-01,7.99,-3611.0,6.17,10247.72,2.151,6709.7,1481.51001,4.0,5760.0,112.860001,25.88,171.2,2.558647
2000-06-01,7.67,55888.0,6.65,10318.165,2.141,6746.9,1488.930054,4.0,5839.8,109.419998,22.36,172.2,2.701492
2000-07-01,7.65,5061.0,6.86,10318.165,2.141,6768.5,1517.319946,4.0,5832.1,109.919998,19.54,172.7,2.71297
2000-08-01,7.55,-10427.0,6.51,10318.165,2.141,6802.8,1525.209961,4.1,5883.8,112.93,20.55,172.7,2.874818
2000-09-01,7.62,65747.0,6.52,10435.744,2.133,6888.6,1530.089966,3.9,5869.1,116.75,17.53,173.6,2.897082
2000-10-01,7.55,-11321.0,6.6,10435.744,2.133,6893.8,1454.819946,3.9,5867.6,119.07,21.23,173.9,2.919941
2000-11-01,7.45,-23690.0,6.61,10435.744,2.133,6909.8,1438.459961,3.9,5969.5,118.690002,24.28,174.2,2.870145
2000-12-01,7.21,32666.0,6.6,10470.231,2.085,6952.2,1389.050049,3.9,5984.4,115.440002,27.48,174.6,2.972089
2001-01-01,7.15,76379.0,5.41,10470.231,2.085,6987.4,1383.369995,4.2,6065.5,112.650002,29.99,175.6,2.878468
2001-02-01,7.1,-48168.0,5.57,10470.231,2.085,7001.8,1376.380005,4.2,6112.7,113.620003,21.66,176.0,2.979742
2001-03-01,6.98,-50662.0,5.59,10599.0,2.059,6996.7,1267.420044,4.3,6145.7,117.629997,28.08,176.1,2.961886
2001-04-01,7.2,189796.0,5.29,10599.0,2.059,7004.2,1269.300049,4.4,5969.7,117.82,31.21,176.4,3.091112
2001-05-01,7.29,-27919.0,4.61,10599.0,2.059,7052.8,1315.930054,4.3,5964.8,119.290001,24.2,177.3,3.07401
2001-06-01,7.18,31862.0,4.14,10598.02,2.014,7069.7,1286.619995,4.5,6030.7,120.330002,21.59,177.7,3.200619
2001-07-01,7.13,2820.0,3.95,10598.02,2.014,7082.3,1239.780029,4.6,6089.1,121.019997,18.76,177.4,3.207811
2001-08-01,7.02,-79990.0,3.79,10598.02,2.014,7121.7,1226.27002,4.9,6159.6,117.160004,20.56,177.4,3.251713
2001-09-01,7.17,35501.0,3.66,10660.465,1.98,7007.0,1155.400024,5.0,6251.2,116.080002,24.92,178.1,3.388746
2001-10-01,7.03,-7656.0,3.02,10660.465,1.98,7212.9,1110.609985,5.3,6349.5,116.269997,32.32,177.6,3.484066
2001-11-01,6.97,-54267.0,2.61,10660.465,1.98,7182.3,1163.380005,5.5,6290.3,117.43,32.31,177.5,3.601999
2001-12-01,6.77,26567.0,2.06,10783.5,1.969,7166.7,1173.619995,5.7,6292.8,118.260002,23.84,177.4,3.564921
2002-01-01,6.55,43729.0,1.52,10783.5,1.969,7184.6,1176.969971,5.7,6289.0,120.510002,23.8,177.7,3.557463
2002-02-01,6.51,-76056.0,1.77,10783.5,1.969,7225.2,1130.199951,5.7,6370.5,120.400002,21.12,178.0,3.527436
2002-03-01,6.81,-64238.0,1.78,10887.46,1.972,7243.4,1173.939941,5.7,6267.2,119.610001,19.96,178.5,3.46848
2002-04-01,6.76,67170.0,1.88,10887.46,1.972,7312.5,1147.839966,5.9,6318.4,118.699997,18.73,179.3,3.465822
2002-05-01,6.75,-80631.0,1.88,10887.46,1.972,7288.9,1106.589966,5.8,6350.8,115.339996,20.06,179.5,3.452132
2002-06-01,6.63,29071.0,1.79,10984.04,1.953,7322.5,1070.73999,5.8,6504.6,112.040001,19.98,179.6,3.241692
2002-07-01,6.53,-29159.0,1.83,10984.04,1.953,7387.3,994.460022,5.8,6601.3,107.879997,27.11,180.0,3.263706
2002-08-01,6.37,-54709.0,1.79,10984.04,1.953,7412.6,965.0,5.7,6725.1,109.0,36.95,180.5,3.146595
2002-09-01,6.15,42388.0,1.81,11061.433,1.927,7391.5,924.02002,5.7,6834.9,109.669998,32.64,180.8,3.026606
2002-10-01,6.32,-54072.0,1.85,11061.433,1.927,7435.2,907.440002,5.7,6819.7,108.739998,34.12,181.2,2.937194
2002-11-01,6.31,-58883.0,1.74,11061.433,1.927,7463.8,941.820007,5.9,6818.4,106.970001,29.3,181.5,2.824322
2002-12-01,6.21,4719.0,1.23,11174.129,1.915,7519.9,954.280029,6.0,6975.8,107.309998,27.46,181.8,2.792164
2003-01-01,6.17,10633.0,1.16,11174.129,1.915,7541.3,935.049988,5.8,6941.9,103.199997,28.62,182.6,2.778159
2003-02-01,5.95,-96663.0,1.33,11174.129,1.915,7548.6,864.640015,5.9,7040.2,100.889999,31.17,183.6,2.69562
2003-03-01,5.89,-58877.0,1.33,11312.766,1.901,7611.5,895.900024,5.9,7011.9,102.150002,29.63,183.9,2.619135
2003-04-01,5.74,51066.0,1.29,11312.766,1.901,7634.5,924.23999,6.0,7009.3,101.809998,28.36,183.2,2.450573
2003-05-01,5.22,-88867.0,1.3,11312.766,1.901,7650.3,965.380005,6.1,7218.7,97.25,21.59,182.9,2.338588
2003-06-01,4.97,21230.0,1.28,11566.669,1.905,7699.6,1015.330017,6.3,7290.0,95.339996,20.85,183.1,2.261697
2003-07-01,5.49,-54240.0,1.11,11566.669,1.905,7757.0,1015.409973,6.2,7163.8,97.449997,19.46,183.7,2.228217
2003-08-01,5.88,-76587.0,1.0,11566.669,1.905,7852.1,1011.01001,6.1,7198.9,99.489998,20.75,184.5,2.155287
2003-09-01,5.72,23402.0,1.01,11772.234,1.94,7853.7,1040.290039,6.1,7302.6,99.370003,19.02,185.1,2.174311
2003-10-01,5.7,-69545.0,1.11,11772.234,1.94,7867.4,1053.790039,6.0,7309.9,93.419998,21.07,184.9,2.150681
2003-11-01,5.65,-42971.0,1.03,11772.234,1.94,7922.6,1063.650024,5.8,7345.3,94.129997,16.1,185.0,2.025956
2003-12-01,5.62,-17640.0,1.03,11923.447,1.95,7950.4,1112.560059,5.7,7444.8,90.540001,16.77,185.5,1.967767
2004-01-01,5.54,-1633.0,0.94,11923.447,1.95,8007.1,1155.380005,5.7,7480.2,88.07,18.31,186.3,1.949813
2004-02-01,5.5,-96701.0,1.03,11923.447,1.95,8040.4,1158.97998,5.6,7604.1,88.019997,17.11,186.7,2.037157
2004-03-01,5.33,-72913.0,1.04,12112.815,1.94,8098.8,1163.22998,5.8,7656.9,89.839996,14.44,187.1,2.126567
2004-04-01,5.73,17578.0,1.03,12112.815,1.94,8107.2,1150.569946,5.6,7479.0,91.559998,16.65,187.4,2.247883
2004-05-01,6.04,-62463.0,1.03,12112.815,1.94,8176.5,1127.73999,5.6,7517.6,92.290001,17.19,188.2,2.228612
2004-06-01,6.01,19124.0,1.02,12305.307,1.949,8157.6,1146.339966,5.6,7599.1,90.419998,16.3,188.9,2.370793
2004-07-01,5.82,-69160.0,1.4,12305.307,1.949,8236.9,1140.839966,5.5,7655.7,90.290001,15.2,189.1,2.254997
2004-08-01,5.65,-41132.0,1.29,12305.307,1.949,8271.6,1109.680054,5.4,7769.7,90.190002,15.37,189.2,2.249671
2004-09-01,5.46,24611.0,1.53,12527.214,1.958,8341.5,1131.540039,5.4,7788.2,89.75,14.91,189.8,2.23192
2004-10-01,5.47,-56618.0,1.86,12527.214,1.958,8397.1,1142.050049,5.5,7862.0,88.639999,12.75,190.8,2.229333
2004-11-01,5.52,-57170.0,1.83,12527.214,1.958,8444.5,1188.459961,5.4,7870.9,85.660004,16.27,191.7,2.293797
2004-12-01,5.47,-2561.0,2.04,12767.286,1.985,8504.4,1217.329956,5.4,7976.2,83.18,12.97,191.7,2.304188
2005-01-01,5.36,8106.0,1.97,12767.286,1.985,8497.7,1217.800049,5.3,8023.2,84.080002,13.29,191.6,2.308836
2005-02-01,5.2,-113789.0,2.4,12767.286,1.985,8559.1,1212.439941,5.4,8043.2,85.440002,12.03,192.4,2.279146
2005-03-01,5.4,-71724.0,2.39,12922.656,1.995,8598.4,1229.109985,5.2,8075.7,84.739998,12.04,193.1,2.238654
2005-04-01,5.33,57924.0,2.83,12922.656,1.995,8678.4,1191.880005,5.2,8135.8,85.32,14.09,193.7,2.231837
2005-05-01,5.15,-36190.0,2.97,12922.656,1.995,8671.6,1199.560059,5.1,8194.0,87.800003,15.12,193.6,2.350311
2005-06-01,4.96,22473.0,3.02,13142.642,2.0,8753.4,1219.589966,5.0,8268.7,89.480003,12.36,193.7,2.191008
2005-07-01,5.06,-53395.0,3.36,13142.642,2.0,8853.8,1245.150024,5.0,8214.7,90.769997,11.4,194.9,2.292571
2005-08-01,5.09,-51036.0,3.3,13142.642,2.0,8850.1,1245.859985,4.9,8324.7,89.440002,12.08,196.1,2.256804
2005-09-01,5.13,35234.0,3.57,13324.204,2.001,8900.4,1243.130005,5.0,8244.1,89.82,13.15,198.8,2.326514
2005-10-01,5.35,-47277.0,3.93,13324.204,2.001,8938.5,1233.339966,5.0,8268.7,90.739998,11.92,199.1,2.318218
2005-11-01,5.42,-83072.0,3.99,13324.204,2.001,8946.2,1270.640015,5.0,8332.3,92.629997,14.85,198.1,2.424911
2005-12-01,5.37,10967.0,4.03,13599.16,2.016,8981.1,1275.800049,4.9,8449.7,92.32,11.24,198.1,2.463042
2006-01-01,5.29,20964.0,4.09,13599.16,2.016,9071.6,1294.900024,4.7,8445.1,90.940002,12.07,199.3,2.444816
2006-02-01,5.35,-119237.0,4.47,13599.16,2.016,9096.0,1297.569946,4.8,8504.4,91.019997,12.36,199.4,2.492938
2006-03-01,5.53,-85281.0,4.52,13753.424,2.017,9132.9,1310.880005,4.7,8515.2,91.160004,11.54,199.7,2.575349
2006-04-01,5.84,118841.0,5.0,13753.424,2.017,9191.6,1318.160034,4.7,8463.4,90.400002,11.39,200.7,2.67529
2006-05-01,5.95,-42907.0,4.84,13753.424,2.017,9231.8,1326.699951,4.6,8440.3,86.360001,12.54,201.3,2.778406
2006-06-01,5.89,20517.0,5.02,13870.188,2.006,9259.6,1290.680054,4.6,8497.3,87.050003,14.52,201.8,3.029284
2006-07-01,5.85,-33164.0,5.05,13870.188,2.006,9343.8,1280.420044,4.7,8570.7,87.330002,13.08,202.9,3.089187
2006-08-01,5.68,-64717.0,5.27,13870.188,2.006,9342.2,1306.73999,4.7,8700.3,85.75,15.05,203.8,3.219901
2006-09-01,5.51,56167.0,5.25,14039.56,1.997,9375.4,1340.280029,4.5,8721.6,86.220001,11.96,202.8,3.207054
2006-10-01,5.51,-49321.0,5.34,14039.56,1.997,9393.6,1389.449951,4.4,8800.6,87.300003,12.57,201.9,3.285968
2006-11-01,5.33,-73042.0,5.23,14039.56,1.997,9400.2,1407.890015,4.5,8892.6,85.93,11.51,202.0,3.141252
2006-12-01,5.32,41961.0,5.27,14215.651,1.993,9488.3,1431.810059,4.4,8868.2,84.220001,11.66,203.1,3.1159
2007-01-01,5.4,38236.0,5.17,14215.651,1.993,9538.7,1441.609985,4.6,8871.6,85.43,12.04,203.437,3.136734
2007-02-01,5.39,-119993.0,5.29,14215.651,1.993,9566.0,1461.569946,4.5,9014.5,85.209999,10.31,204.226,3.152428
2007-03-01,5.3,-96270.0,5.31,14402.082,1.986,9611.7,1438.890015,4.4,9064.0,84.379997,15.82,205.288,3.099888
2007-04-01,5.47,177674.0,5.3,14402.082,1.986,9643.6,1498.02002,4.5,9066.0,83.209999,14.53,205.904,2.957465
2007-05-01,5.47,-67699.0,5.26,14402.082,1.986,9685.8,1535.560059,4.4,8966.1,82.599998,13.51,206.755,2.774199
2007-06-01,5.79,27481.0,5.23,14564.117,1.977,9706.8,1540.560059,4.6,8977.0,83.269997,12.78,207.234,2.621714
2007-07-01,5.73,-36447.0,5.31,14564.117,1.977,9751.1,1555.900024,4.7,9124.9,81.949997,15.4,207.603,2.525322
2007-08-01,5.79,-116973.0,5.3,14564.117,1.977,9798.9,1503.890015,4.6,9259.5,82.129997,23.67,207.667,2.459164
2007-09-01,5.74,112866.0,4.96,14715.058,1.977,9845.1,1538.73999,4.7,9279.9,81.139999,23.38,208.547,2.475003
2007-10-01,5.66,-56838.0,4.92,14715.058,1.977,9882.7,1576.089966,4.7,9384.7,78.889999,17.84,209.19,2.494632
2007-11-01,5.44,-98238.0,4.59,14715.058,1.977,9955.9,1545.790039,4.7,9644.8,76.870003,23.21,210.834,2.64947
2007-12-01,5.49,48261.0,4.66,14706.538,1.939,9972.8,1523.569946,5.0,9702.1,77.849998,22.87,211.445,2.712396
2008-01-01,5.33,17839.0,3.06,14706.538,1.939,9996.4,1471.77002,5.0,9883.8,77.349998,22.5,212.174,2.747695
2008-02-01,5.53,-175563.0,3.12,14706.538,1.939,9981.7,1396.02002,4.9,10039.7,77.040001,24.02,212.687,2.617738
2008-03-01,5.51,-48212.0,3.01,14865.701,1.927,10035.3,1359.680054,5.1,10128.0,73.949997,26.54,213.448,2.688949
2008-04-01,5.55,159282.0,2.38,14865.701,1.927,10070.3,1404.569946,5.0,9932.8,73.110001,22.68,213.942,2.725505
2008-05-01,5.57,-165927.0,2.16,14865.701,1.927,10132.3,1440.23999,5.4,9824.8,73.889999,18.88,215.208,2.793043
2008-06-01,5.68,33547.0,1.98,14898.999,1.908,10187.1,1404.050049,5.6,9969.0,74.309998,19.83,217.463,2.933931
2008-07-01,5.67,-102767.0,2.11,14898.999,1.908,10185.1,1292.170044,5.8,10045.5,73.540001,23.65,219.016,3.010504
2008-08-01,5.64,-111914.0,2.04,14898.999,1.908,10175.7,1313.150024,6.1,10134.7,77.620003,22.57,218.69,3.080765
2008-09-01,5.65,45734.0,1.94,14608.209,1.813,10116.4,1303.040039,6.1,10475.3,80.379997,21.99,218.877,3.071629
2008-10-01,6.28,-155533.0,1.15,14608.209,1.813,10034.1,1167.030029,6.5,10904.6,87.879997,39.81,216.995,2.922213
2008-11-01,6.12,-125201.0,0.22,14608.209,1.813,9885.2,1007.51001,6.8,11285.2,88.459999,59.89,213.153,2.777101
2008-12-01,5.05,-51754.0,0.52,14430.902,1.735,9801.5,918.849976,7.3,11565.9,87.699997,68.51,211.398,2.614507
2009-01-01,5.05,-63457.0,0.14,14430.902,1.735,9847.2,943.849976,7.8,11307.6,86.809998,40.0,211.933,2.535975
2009-02-01,5.27,-193859.0,0.23,14430.902,1.735,9824.5,875.01001,8.3,11484.8,88.489998,45.52,212.705,2.54257
2009-03-01,5.5,-191589.0,0.22,14381.236,1.709,9773.2,832.97998,8.7,11877.4,89.620003,52.65,212.495,2.437701
2009-04-01,5.39,-20907.0,0.16,14381.236,1.709,9772.5,888.700012,9.0,11817.0,86.870003,42.28,212.709,2.359914
2009-05-01,5.54,-189651.0,0.22,14381.236,1.709,9791.6,930.169983,9.4,11822.8,84.870003,35.3,213.022,2.273815
2009-06-01,5.61,-94332.0,0.21,14448.882,1.711,9852.4,956.22998,9.5,12003.0,81.470001,30.04,214.79,2.078063
2009-07-01,5.41,-180680.0,0.2,14448.882,1.711,9886.3,996.679993,9.5,12128.6,80.889999,26.22,214.726,1.910212
2009-08-01,5.26,-103555.0,0.18,14448.882,1.711,10004.1,1039.469971,9.6,12306.6,79.510002,25.92,215.445,1.757047
2009-09-01,5.13,-45207.0,0.15,14651.249,1.726,9927.8,1080.150024,9.8,12455.3,78.940002,29.15,215.861,1.602846
2009-10-01,5.15,-176363.0,0.11,14651.249,1.726,9976.7,1101.359985,10.0,12433.4,77.470001,28.27,216.509,1.509202
2009-11-01,5.19,-120287.0,0.11,14651.249,1.726,9985.7,1113.689941,9.9,12748.4,76.82,29.78,217.234,1.361569
2009-12-01,5.26,-91410.0,0.13,14764.61,1.739,10052.6,1130.380005,9.9,12697.4,78.449997,21.92,217.347,1.318775
2010-01-01,5.26,-42634.0,0.05,14764.61,1.739,10056.1,1150.449951,9.8,12786.8,79.5,21.68,217.488,1.170764
2010-02-01,5.35,-220909.0,0.14,14764.61,1.739,10093.4,1112.420044,9.8,12922.5,81.339996,22.59,217.281,1.048684
2010-03-01,5.27,-65387.0,0.14,14980.193,1.746,10156.0,1180.689941,9.9,13158.1,82.239998,19.26,217.353,0.9255024
2010-04-01,5.29,-82689.0,0.17,14980.193,1.746,10182.3,1219.800049,9.9,13417.3,82.709999,17.47,217.403,0.869413
2010-05-01,4.96,-135927.0,0.2,14980.193,1.746,10210.8,1205.130005,9.6,13582.8,87.459999,22.05,217.29,0.793302
2010-06-01,4.88,-68422.0,0.2,15141.607,1.748,10231.3,1131.22998,9.4,13944.3,88.709999,35.54,217.199,0.7780127
2010-07-01,4.72,-165043.0,0.17,15141.607,1.748,10268.1,1120.949951,9.4,14004.6,86.260002,32.86,217.605,0.7440706
2010-08-01,4.49,-90526.0,0.18,15141.607,1.748,10307.1,1129.23999,9.5,14394.4,83.559998,22.01,217.923,0.6911158
2010-09-01,4.53,-34607.0,0.19,15309.474,1.745,10327.1,1157.160034,9.5,14487.6,83.220001,23.89,218.275,0.6638685
2010-10-01,4.68,-140432.0,0.2,15309.474,1.745,10386.4,1196.140015,9.4,14585.5,78.830002,22.5,219.035,0.6723344
2010-11-01,4.87,-150394.0,0.2,15309.474,1.745,10433.6,1227.079956,9.8,14648.2,81.440002,21.83,219.59,0.8233069
2010-12-01,5.02,-78134.0,0.2,15351.448,1.728,10471.0,1262.599976,9.3,14595.8,81.360001,21.36,220.472,0.8307821
2011-01-01,5.04,-49796.0,0.13,15351.448,1.728,10514.3,1302.670044,9.1,14668.8,81.309998,17.75,221.187,0.9539952
2011-02-01,5.22,-222507.0,0.18,15351.448,1.728,10540.6,1344.069946,9.0,14699.4,78.870003,17.63,221.898,1.117829
2011-03-01,5.13,-188154.0,0.15,15557.539,1.714,10619.7,1332.280029,9.0,14741.1,77.379997,21.01,223.046,1.179972
2011-04-01,5.16,-40387.0,0.11,15557.539,1.714,10652.1,1364.560059,9.1,14892.1,76.610001,17.4,224.093,1.210295
2011-05-01,4.96,-57641.0,0.09,15557.539,1.714,10672.2,1370.579956,9.0,15052.0,76.370003,15.99,224.806,1.256079
2011-06-01,4.99,-43080.0,0.1,15647.68,1.656,10694.8,1345.199951,9.1,14993.2,76.019997,18.3,224.806,1.29395
2011-07-01,4.93,-129376.0,0.08,15647.68,1.656,10731.6,1356.47998,9.0,15198.9,76.720001,15.87,225.395,1.41844
2011-08-01,4.37,-134143.0,0.17,15647.68,1.656,10750.3,1307.380005,9.0,15807.0,75.419998,23.66,226.106,1.651442
2011-09-01,4.09,-62750.0,0.08,15842.259,1.648,10783.2,1229.290039,9.0,16067.8,78.860001,31.82,226.597,1.721515
2011-10-01,3.98,-98466.0,0.06,15842.259,1.648,10802.9,1292.660034,8.8,16216.8,79.830002,42.96,226.75,1.835844
2011-11-01,3.87,-137302.0,0.08,15842.259,1.648,10806.8,1277.550049,8.6,16350.9,79.699997,34.77,227.169,1.835434
2011-12-01,3.93,-85967.0,0.08,16068.805,1.642,10817.8,1269.369995,8.5,16555.2,80.849998,27.41,227.223,2.045078
2012-01-01,3.85,-27407.0,0.04,16068.805,1.642,10896.8,1333.469971,8.3,16730.0,81.779999,23.4,227.842,2.113351
2012-02-01,3.85,-231677.0,0.11,16068.805,1.642,10987.2,1378.040039,8.3,16748.5,80.110001,18.55,228.329,2.01608
2012-03-01,3.99,-198157.0,0.11,16207.115,1.631,10993.9,1419.150024,8.2,16678.3,80.730003,17.26,228.807,2.122799
2012-04-01,3.96,59117.0,0.09,16207.115,1.631,11018.5,1422.380005,8.2,16947.4,80.169998,15.64,229.187,2.191796
2012-05-01,3.8,-124636.0,0.16,16207.115,1.631,11006.8,1415.319946,8.2,17236.6,83.209999,16.6,228.713,2.188203
2012-06-01,3.64,-59741.0,0.16,16319.541,1.612,10989.8,1363.459961,8.2,17244.6,83.540001,26.66,228.524,2.238927
2012-07-01,3.4,-69604.0,0.09,16319.541,1.612,11016.8,1391.73999,8.2,17448.0,84.099998,16.74,228.59,2.260479
2012-08-01,3.48,-190533.0,0.14,16319.541,1.612,11056.0,1426.680054,8.1,17466.7,83.510002,18.96,229.918,2.17107
2012-09-01,3.49,75180.0,0.13,16420.419,1.586,11105.3,1474.51001,7.8,17468.3,81.669998,17.47,231.015,2.219253
2012-10-01,3.47,-119995.0,0.15,16420.419,1.586,11137.4,1470.959961,7.8,17603.7,80.279999,16.32,231.638,2.206525
2012-11-01,3.5,-172112.0,0.17,16420.419,1.586,11178.4,1434.27002,7.7,17748.4,81.459999,16.69,231.249,2.195661
2012-12-01,3.65,-1191.0,0.16,16648.189,1.583,11181.2,1448.0,7.9,17716.5,80.660004,15.87,231.221,2.107127
2013-01-01,3.8,2886.0,0.09,16648.189,1.583,11252.4,1509.939941,8.0,17572.2,80.870003,18.02,231.679,2.065935
2013-02-01,3.9,-203539.0,0.14,16648.189,1.583,11290.5,1530.939941,7.7,17883.3,81.989998,12.9,232.937,2.143683
2013-03-01,3.93,-106530.0,0.14,16728.687,1.574,11290.1,1570.280029,7.5,17959.3,83.300003,15.36,232.282,2.096923
2013-04-01,3.73,112889.0,0.16,16728.687,1.574,11281.1,1597.569946,7.6,18115.3,83.489998,13.58,231.797,1.932255
2013-05-01,3.89,-138732.0,0.14,16728.687,1.574,11321.6,1687.180054,7.5,17688.8,84.5,14.49,231.893,1.905048
2013-06-01,4.27,116501.0,0.09,16953.838,1.573,11344.4,1654.189941,7.5,17430.8,83.379997,16.3,232.445,1.874046
2013-07-01,4.34,-97597.0,0.1,16953.838,1.573,11372.6,1698.780029,7.3,17387.7,84.75,16.37,232.9,1.865294
2013-08-01,4.54,-147905.0,0.08,16953.838,1.573,11406.6,1709.670044,7.2,17241.5,82.489998,12.94,233.456,1.911745
2013-09-01,4.64,75114.0,0.07,17192.019,1.565,11445.9,1729.859985,7.2,17347.8,82.669998,17.01,233.544,1.888205
2013-10-01,4.53,-90586.0,0.08,17192.019,1.565,11498.0,1775.219971,7.2,17805.6,80.75,15.54,233.669,1.866698
2013-11-01,4.63,-135226.0,0.08,17192.019,1.565,11562.5,1813.550049,6.9,17775.2,81.480003,13.28,234.1,1.890963
2013-12-01,4.62,53220.0,0.07,17197.738,1.541,11593.2,1849.439941,6.7,17725.1,80.989998,14.23,234.719,1.872378
2014-01-01,4.49,-10250.0,0.07,17197.738,1.541,11578.8,1850.839966,6.6,17895.2,81.389999,13.72,235.288,1.821944
2014-02-01,4.45,-193532.0,0.07,17197.738,1.541,11636.9,1867.920044,6.7,18073.6,81.32,18.41,235.547,1.789204
2014-03-01,4.38,-36895.0,0.06,17518.508,1.548,11722.3,1883.969971,6.7,18133.5,80.349998,14.0,236.028,1.821445
2014-04-01,4.24,106853.0,0.08,17518.508,1.548,11762.3,1897.280029,6.2,18106.9,80.599998,13.1,236.468,2.025724
2014-05-01,4.16,-129971.0,0.09,17518.508,1.548,11807.3,1924.030029,6.3,18238.6,80.580002,13.25,236.918,2.127518
2014-06-01,4.25,70519.0,0.08,17804.228,1.554,11861.7,1968.170044,6.1,18306.8,81.019997,11.58,237.231,2.142724
2014-07-01,4.16,-94621.0,0.1,17804.228,1.554,11904.4,1991.390015,6.2,18319.5,81.57,11.15,237.498,2.098319
2014-08-01,4.08,-128677.0,0.09,17804.228,1.554,11983.7,2005.040039,6.1,18517.3,82.75,17.03,237.46,1.959017
2014-09-01,4.11,105803.0,0.07,17912.079,1.541,11991.4,2019.26001,5.9,18451.0,86.220001,12.25,237.477,1.95017
2014-10-01,3.92,-121713.0,0.09,17912.079,1.541,12064.7,2018.189941,5.7,18672.6,87.129997,16.71,237.43,2.001463
2014-11-01,3.92,-56818.0,0.07,17912.079,1.541,12083.9,2075.76001,5.8,18862.4,88.440002,14.03,236.983,1.999147
2014-12-01,3.79,1864.0,0.13,18063.529,1.526,12096.1,2093.550049,5.6,18968.6,90.330002,14.29,236.252,1.961226
2015-01-01,3.46,-14996.0,0.06,18063.529,1.526,12066.7,2072.360107,5.7,19356.0,95.480003,19.2,234.747,1.976365
2015-02-01,3.61,-192359.0,0.06,18063.529,1.526,12116.6,2119.590088,5.5,19127.9,95.360001,19.43,235.342,1.972517
2015-03-01,3.64,-52910.05993036,0.06,18279.784,1.528,12176.1,2117.52002,5.4,19170.0,100.389999,13.04,235.976,1.989606
2015-04-01,3.52,156714.07843925,0.12,18279.784,1.528,12209.1,2125.919922,5.4,19064.8,99.989998,15.11,236.222,2.05371
2015-05-01,3.98,-82385.27841904,0.13,18279.784,1.528,12275.4,2134.719971,5.6,18957.8,97.779999,12.7,237.001,2.056561
2015-06-01,4.19,51775.76400154,0.12,18401.626,1.52,12307.9,2129.870117,5.3,18779.0,97.68,13.97,237.657,2.103732
2015-07-01,4.15,-149186.76611285,0.13,18401.626,1.52,12364.9,2132.820068,5.2,18895.3,98.150002,16.09,238.034,2.130475
2015-08-01,4.04,-64420.51991251,0.08,18401.626,1.52,12396.2,2112.659912,5.1,18816.9,98.330002,12.12,238.033,2.169207
2015-09-01,4.07,91060.53109438,0.14,18435.137,1.501,12386.4,2020.859985,5.0,18932.0,96.699997,31.4,237.498,2.268536
2015-10-01,3.95,-136532.08481492,0.13,18435.137,1.501,12394.9,2094.320068,5.0,18860.3,97.82,22.55,237.733,2.335492
2015-11-01,4.06,-64552.91957894,0.07,18435.137,1.501,12423.2,2116.47998,5.1,19456.9,100.309998,14.15,238.017,2.394625
2015-12-01,3.97,-14443.9438535,0.13,18525.933,1.477,12452.0,2104.27002,5.0,19477.8,100.510002,14.67,237.761,2.437497
2016-01-01,4.0,55163.28851489,0.2,18525.933,1.477,12478.0,2038.199951,4.8,19877.6,99.830002,18.21,237.652,2.460879
2016-02-01,3.96,-192614.00170636,0.38,18525.933,1.477,12554.5,1962.959961,4.9,20101.6,99.629997,19.98,237.336,2.538253
2016-03-01,3.82,-108042.73073878,0.36,18711.702,1.466,12537.0,2072.209961,5.0,20265.4,98.580002,17.7,238.08,2.526214
2016-04-01,3.62,106451.87183668,0.37,18711.702,1.466,12611.5,2111.050049,5.1,20136.5,95.199997,13.1,238.992,2.53143
2016-05-01,3.65,-52507.41284454,0.3,18711.702,1.466,12652.7,2103.47998,4.8,20160.8,95.889999,14.68,239.557,2.565678
2016-06-01,3.5,6251.98744016,0.37,18892.639,1.457,12731.2,2120.550049,4.9,20634.8,96.709999,14.2,240.222,2.563629
2016-07-01,3.28,-112815.2385045,0.41,18892.639,1.457,12756.7,2177.090088,4.8,20717.1,97.57,14.77,240.101,2.569655
2016-08-01,3.32,-107111.57568004,0.4,18892.639,1.457,12788.1,2193.810059,4.9,20647.7,96.519997,12.44,240.545,2.716347
2016-09-01,3.41,33359.49405496,0.4,19089.379,1.45,12846.6,2187.870117,5.0,20691.4,96.330002,13.48,241.176,2.624799
2016-10-01,3.51,-44192.20097674,0.29,19089.379,1.45,12867.0,2169.600098,4.9,20721.1,99.120003,13.29,241.741,2.502268
2016-11-01,3.86,-136650.57490356,0.41,19089.379,1.45,12893.0,2214.100098,4.7,20394.1,101.919998,18.56,242.026,2.518564
2016-12-01,4.06,-27515.79855866,0.41,19280.084,1.444,13005.9,2277.530029,4.7,20380.8,103.650002,14.07,242.637,2.585286
2017-01-01,3.92,51257.177643,0.55,19280.084,1.444,13063.7,2300.98999,4.7,20361.7,103.82,14.04,243.618,2.651739
2017-02-01,3.95,-192044.46533546,0.66,19280.084,1.444,13088.4,2371.540039,4.6,20403.5,101.760002,11.81,244.006,2.664566
2017-03-01,4.01,-176232.32530805,0.66,19438.643,1.437,13139.9,2400.97998,4.4,20279.1,102.260002,12.54,243.892,2.436586
2017-04-01,3.87,182428.05764871,0.82,19438.643,1.437,13169.2,2398.159912,4.4,20348.1,101.339996,12.37,244.193,2.235672
2017-05-01,3.85,-88425.99436618,0.91,19438.643,1.437,13171.9,2418.709961,4.4,20398.9,99.889999,10.11,244.004,2.139634
2017-06-01,3.68,-90233.19107067,0.91,19692.595,1.44,13225.2,2453.820068,4.3,20328.7,97.870003,9.89,244.163,2.122109
2017-07-01,3.7,-42939.37760097,1.06,19692.595,1.44,13263.3,2484.040039,4.3,20325.0,96.510002,11.18,244.243,2.131777
2017-08-01,3.63,-107688.77677988,1.16,19692.595,1.44,13294.6,2490.870117,4.4,20473.5,94.150002,10.09,245.183,2.075047
2017-09-01,3.63,8000.08293523,1.16,20037.088,1.45,13417.3,2519.439941,4.3,20715.0,93.669998,10.13,246.435,2.091354
2017-10-01,3.6,-63214.01796695,1.06,20037.088,1.45,13447.5,2582.97998,4.2,20867.3,95.150002,9.45,246.626,2.177581
2017-11-01,3.57,-138547.43781759,1.16,20037.088,1.45,13540.6,2657.73999,4.2,20969.4,95.150002,10.2,247.284,2.099803
2017-12-01,3.51,-23193.55948872,1.16,20328.553,1.462,13666.1,2694.969971,4.1,20904.4,94.220001,11.43,247.805,2.117186
2018-01-01,3.55,49235.72070792,1.33,20328.553,1.462,13703.3,2872.870117,4.0,20673.2,92.639999,9.77,248.859,2.157823
2018-02-01,3.82,-215248.1724224,1.42,20328.553,1.462,13738.7,2835.959961,4.1,20875.2,90.699997,13.47,249.529,2.123101
2018-03-01,3.87,-208743.24980988,1.42,20580.912,1.465,13793.2,2801.899902,4.0,21216.0,90.93,22.47,249.577,2.366925
2018-04-01,3.85,214255.11366731,1.67,20580.912,1.465,13838.4,2717.48999,4.0,21024.2,91.989998,23.62,250.227,2.491592
2018-05-01,4.0,-146796.44336556,1.7,20580.912,1.465,13905.0,2742.23999,3.8,21182.2,95.029999,15.49,250.792,2.543212
2018-06-01,3.96,-74857.99046356,1.7,20798.73,1.466,13930.4,2791.469971,4.0,21238.4,95.529999,13.46,251.018,2.551897
2018-07-01,3.87,-76865.22967062,1.91,20798.73,1.466,13974.8,2848.030029,3.8,21255.6,95.650002,15.6,251.214,2.518753
2018-08-01,3.88,-214147.52548064,1.91,20798.73,1.466,14014.0,2916.5,3.8,21480.7,96.980003,13.15,251.663,2.432443
2018-09-01,3.98,119116.00888032,1.91,20917.867,1.465,14017.8,2940.909912,3.7,21353.1,95.739998,12.86,252.182,2.462881
2018-10-01,4.14,-100491.14254473,2.18,20917.867,1.465,14083.1,2939.860107,3.8,21419.9,97.199997,12.0,252.772,2.415236
2018-11-01,4.22,-204902.55739878,2.2,20917.867,1.465,14162.9,2815.149902,3.8,21683.9,97.690002,19.34,252.594,2.476418
2018-12-01,4.02,-13539.35862905,2.2,21104.133,1.46,14051.6,2800.179932,3.9,22075.2,97.709999,18.07,252.767,2.456173
2019-01-01,3.93,8682.86661098,2.4,21104.133,1.46,14088.4,2708.949951,4.0,22160.0,96.959999,25.42,252.561,2.375054
2019-02-01,3.79,-233977.2488268,2.4,21104.133,1.46,14115.5,2813.48999,3.8,22221.4,97.370003,16.14,253.319,2.375943
2019-03-01,3.77,-146944.76565389,2.4,21384.775,1.46,14240.1,2860.310059,3.8,22425.2,97.709999,13.57,254.277,2.356946
2019-04-01,3.69,160304.50890986,2.41,21384.775,1.46,14278.3,2949.52002,3.7,22346.6,98.330002,13.4,255.233,2.392773
2019-05-01,3.67,-207768.39134666,2.45,21384.775,1.46,14340.8,2954.129883,3.6,22700.3,98.370003,14.8,255.296,2.360903
2019-06-01,3.42,-8476.31845422,2.4,21694.282,1.453,14391.2,2964.149902,3.6,22805.1,97.800003,18.71,255.213,2.392597
2019-07-01,3.29,-119695.80619346,2.39,21694.282,1.453,14471.8,3027.97998,3.7,22766.5,98.68,14.06,255.802,2.475923
2019-08-01,2.98,-200344.34892913,2.14,21694.282,1.453,14525.7,3013.590088,3.6,23773.1,99.019997,17.87,256.036,2.630398
2019-09-01,3.03,82767.65846478,2.13,21902.39,1.437,14555.6,3021.98999,3.5,23825.8,99.459999,18.98,256.43,2.622934
2019-10-01,3.01,-134467.56493381,1.88,21902.39,1.437,14584.0,3050.100098,3.6,24087.0,99.669998,18.56,257.155,2.747596
2019-11-01,3.06,-208838.29445674,1.57,21902.39,1.437,14678.6,3154.26001,3.6,24081.4,98.540001,12.3,257.879,2.772021
2019-12-01,3.01,-13272.55731642,1.56,21706.513,1.392,14741.3,3247.929932,3.6,24069.1,98.379997,14.91,258.63,2.752609
2020-01-01,2.94,-32593.28000764,1.55,21706.513,1.392,14815.7,3337.77002,3.6,24535.1,98.190002,13.78,258.906,2.790484
2020-02-01,2.78,-235335.21387457,1.59,21706.513,1.392,14810.7,3393.52002,3.5,25136.5,99.910004,18.84,259.246,2.800101
2020-03-01,3.02,-119125.16471802,1.58,19913.143,1.128,13793.0,3136.719971,4.4,25887.4,102.989998,33.42,258.15,2.606553
2020-04-01,2.43,-737850.62107965,0.06,19913.143,1.128,12228.3,2954.860107,14.8,27198.4,100.93,57.06,256.126,2.179323
2020-05-01,2.5,-398821.41365968,0.05,19913.143,1.128,13251.4,3068.669922,13.2,27919.7,100.559998,37.19,255.848,2.01414
2020-06-01,2.44,-864074.06849171,0.05,21647.64,1.175,14027.1,3233.129883,11.0,28646.5,98.32,28.23,257.004,1.993544
2020-07-01,2.14,-62991.72639454,0.08,21647.64,1.175,14285.1,3279.98999,10.2,28923.7,97.620003,28.62,258.408,2.281283
2020-08-01,2.25,-200095.01510766,0.1,21647.64,1.175,14428.4,3514.77002,8.4,28872.7,93.989998,24.46,259.366,2.213149
2020-09-01,2.31,-124610.55841919,0.09,22024.502,1.163,14655.0,3588.110107,7.8,29077.8,94.739998,26.12,259.951,1.980283
2020-10-01,2.35,-284070.53717284,0.09,22024.502,1.163,14702.5,3549.850098,6.8,29044.9,94.099998,26.7,260.249,1.747303
2020-11-01,2.3,-145266.26352985,0.09,22024.502,1.163,14675.8,3645.98999,6.7,29424.8,94.300003,37.13,260.895,1.697582
2020-12-01,2.26,-143562.32743913,0.09,22600.185,1.155,14801.8,3760.199951,6.7,29655.1,91.949997,20.77,262.005,1.600671
2021-01-01,2.45,-162832.48946754,0.09,22600.185,1.155,15047.3,3870.899902,6.4,29514.0,90.879997,22.75,262.518,1.400569
2021-02-01,2.7,-310921.94250467,0.08,22600.185,1.155,14948.2,3950.429932,6.2,29159.0,91.599998,30.24,263.583,1.405123
2021-03-01,3.04,-659591.61844058,0.07,23292.362,1.145,15657.6,3994.409912,6.1,29066.1,93.440002,23.35,264.91,1.592366
2021-04-01,2.9,-225579.46032577,0.07,23292.362,1.145,15854.1,4218.779785,6.1,29233.5,93.339996,17.33,266.752,2.209393
2021-05-01,2.96,-131953.06316821,0.05,23292.362,1.145,15890.0,4238.040039,5.8,29292.2,91.440002,18.61,268.452,2.562825
2021-06-01,2.79,-174160.55026216,0.06,23828.973,1.145,16108.5,4302.430176,5.9,29722.7,92.449997,17.9,270.664,2.558145
2021-07-01,2.57,-302050.4883435,0.1,23828.973,1.145,16150.8,4429.970215,5.4,29933.1,93.190002,15.48,271.994,2.323597
2021-08-01,2.55,-170634.65366187,0.07,23828.973,1.145,16305.6,4537.359863,5.1,29811.2,93.730003,19.46,272.789,2.332419
2021-09-01,2.53,-61544.25121268,0.08,24654.603,1.156,16398.9,4545.850098,4.7,29595.5,94.5,16.11,273.887,2.610662
2021-10-01,2.68,-165055.36693325,0.08,24654.603,1.156,16613.8,4608.080078,4.5,30048.2,94.559998,21.15,276.434,3.007604
2021-11-01,2.62,-191335.04052197,0.08,24654.603,1.156,16741.6,4743.830078,4.1,30147.9,96.940002,16.41,278.799,3.184384
2021-12-01,2.65,-21303.12942523,0.08,25029.116,1.157,16799.2,4808.930176,3.9,30718.8,96.910004,31.12,280.808,3.456458
2022-01-01,2.93,118698.85824166,0.07,25029.116,1.157,16888.6,4818.620117,4.0,30648.6,97.440002,17.22,282.39,3.965498
2022-02-01,3.25,-216589.75205605,0.08,25029.116,1.157,16999.7,4595.310059,3.8,30781.6,97.739998,21.96,284.535,4.280304
2022-03-01,3.43,-192682.38665693,0.08,25544.273,1.178,17203.6,4637.299805,3.6,30167.3,99.419998,33.32,287.553,4.534344
2022-04-01,3.76,308215.06052679,0.33,25544.273,1.178,17310.5,4593.450195,3.7,29364.9,103.93,19.63,288.764,4.703935
2022-05-01,4.13,-66222.56120958,0.33,25544.273,1.178,17384.8,4307.660156,3.6,29479.9,105.010002,32.34,291.359,4.950974
2022-06-01,4.24,-88841.51292609,0.83,25994.639,1.203,17550.0,4177.509766,3.6,29217.6,105.790001,25.69,294.996,5.39633
2022-07-01,4.06,-211051.76005026,1.58,25994.639,1.203,17556.4,4140.149902,3.5,29623.7,109.290001,26.7,294.977,5.59073
2022-08-01,4.07,-219596.24094964,2.33,25994.639,1.203,17692.2,4325.279785,3.6,29294.6,109.480003,22.84,295.209,5.951312
2022-09-01,4.59,-429673.47896184,2.33,26408.405,1.234,17804.0,4119.279785,3.5,28432.8,114.779999,25.56,296.341,6.348017
2022-10-01,5.1,-87797.83631139,3.08,26408.405,1.234,17915.1,3905.419922,3.6,28464.0,113.940002,31.62,297.863,6.312946
2022-11-01,4.9,-248534.88065258,3.08,26408.405,1.234,17892.5,4080.110107,3.6,29192.6,113.150002,25.81,298.648,6.422543
2022-12-01,4.43,-85000.73657788,3.83,26813.601,1.271,17943.6,4100.959961,3.5,28944.8,105.900002,19.84,298.812,6.538167
2023-01-01,4.4,-38783.77183922,4.33,26813.601,1.271,18229.6,4094.209961,3.4,29508.8,105.629997,21.67,300.356,6.487554
2023-02-01,4.56,-262433.84319423,4.33,26813.601,1.271,18296.5,4195.439941,3.6,29023.4,105.360001,17.87,301.509,6.525
2023-03-01,4.6,-378076.31647174,4.58,27063.012,1.301,18282.6,4110.75,3.5,29613.8,105.879997,20.58,301.744,6.390946
2023-04-01,4.47,176180.79034912,4.83,27063.012,1.301,18363.8,4170.060059,3.4,29639.7,103.059998,18.7,303.032,6.264224
2023-05-01,4.67,-240348.23965837,4.83,27063.012,1.301,18407.8,4231.100098,3.7,29302.2,104.699997,16.08,303.365,5.975255
2023-06-01,4.65,-227768.41253805,5.08,27610.128,1.33,18485.4,4458.47998,3.6,29957.7,104.5,15.65,304.003,5.586684
2023-07-01,4.66,-220782.0973536,5.08,27610.128,1.33,18595.4,4607.069824,3.5,30146.4,103.57,13.59,304.628,5.405751
2023-08-01,4.95,89255.57269373,5.33,27610.128,1.33,18651.6,4584.620117,3.8,30321.8,104.449997,13.93,306.187,5.172225
2023-09-01,5.13,-170982.20087478,5.33,27956.998,1.349,18791.5,4541.25,3.8,30084.9,106.839996,13.09,307.288,4.95977
2023-10-01,5.61,-66563.55112973,5.33,27956.998,1.349,18826.8,4393.569824,3.8,30282.6,107.349998,17.61,307.531,4.882928
2023-11-01,5.28,-314012.00228709,5.33,27956.998,1.349,18903.0,4587.640137,3.7,31168.6,107.110001,16.87,308.024,4.688293
2023-12-01,4.74,-129365.41491979,5.33,28284.498,1.361,19013.7,4793.299805,3.7,31907.0,104.260002,12.63,308.742,4.554396
2024-01-01,4.87,-21930.35633102,5.33,28284.498,1.361,19033.8,4931.089844,3.7,32095.2,103.82,13.2,309.685,4.603922367
2024-02-01,5.03,-296274.64807989,5.33,28284.498,1.361,19190.0,5111.060059,3.9,32010.7,104.980003,13.88,311.054,4.403102398
2024-03-01,5.01,-236456.8239502,5.33,28284.498,1.361,19350.9,5264.850098,3.8,32204.7,104.730003,13.11,312.23,4.509212494
