Date,bond_yield,budget_sur_def,fed_interest_rates,m2_money_supply,unemployment,us_dollar_index,volatility_index,cpi_all,cpi_adjusted,debt_to_gdp
1990-01-01,8.99,8282.0,7.97,1.848,5.4,94.540001,17.24,127.5,4.905908309,0.5169001452653558
1990-02-01,9.22,-35207.0,8.25,1.848,5.3,93.449997,24.87,128.0,4.91755923,0.5183134642815972
1990-03-01,9.37,-53324.0,8.3,1.859,5.2,94.720001,21.9,128.6,5.19152475,0.5180177005879838
1990-04-01,9.46,41829.0,8.3,1.859,5.4,94.32,22.84,128.9,5.276985365,0.5138902032003877
1990-05-01,9.47,-42482.0,8.11,1.859,5.4,93.300003,18.43,129.1,5.166732439,0.5265579289224815
1990-06-01,9.26,-11105.0,8.28,1.856,5.2,93.360001,17.09,129.9,5.370697673,0.5329240533349647
1990-07-01,9.24,-25924.0,8.32,1.856,5.5,90.849998,16.26,130.5,5.516605952,0.5387593522718431
1990-08-01,9.41,-52719.0,8.07,1.856,5.7,89.080002,21.64,131.6,5.836270781,0.5379281131070456
1990-09-01,9.56,20768.0,8.06,1.839,5.9,87.389999,29.9,132.5,5.930360317,0.5436544805572537
1990-10-01,9.53,-31364.0,8.25,1.839,5.9,85.519997,28.06,133.4,5.798506168,0.5538797478588973
1990-11-01,9.3,-47723.0,8.06,1.839,6.2,83.620003,30.25,133.7,5.683108196,0.5686514287979165
1990-12-01,9.05,-7387.0,7.61,1.826,6.3,85.389999,22.16,134.2,5.651092078,0.5749291901581031
1991-01-01,9.04,1650.0,5.53,1.826,6.4,85.220001,26.38,134.7,5.815290409,0.5840092868843305
1991-02-01,8.83,-26191.0,6.3,1.826,6.6,84.230003,21.04,134.8,5.8623588,0.5912998754966299
1991-03-01,8.93,-41173.0,6.35,1.833,6.8,92.459999,21.23,134.8,5.474284579,0.5828595453920783
1991-04-01,8.86,30009.0,6.48,1.833,6.7,94.459999,17.42,135.1,5.276160434,0.5811131375245598
1991-05-01,8.86,-53367.0,5.9,1.833,6.9,93.580002,17.77,135.6,5.222445891,0.5881150905634891
1991-06-01,9.01,-2579.0,5.92,1.85,6.9,96.75,15.93,136.0,4.934653949,0.5838763751549524
1991-07-01,9.0,-40831.0,6.38,1.85,6.8,97.32,18.64,136.2,4.713410392,0.5921587666777797
1991-08-01,8.75,-43649.0,5.86,1.85,6.9,96.559998,15.47,136.6,4.393094508,0.6043245363270687
1991-09-01,8.61,-6887.0,5.5,1.861,6.9,93.769997,14.46,137.0,4.443594793,0.6077381579493466
1991-10-01,8.55,-36594.0,5.4,1.861,7.0,92.029999,14.81,137.2,4.288991989,0.6217056639434021
1991-11-01,8.48,-44684.0,5.03,1.861,7.0,89.760002,15.6,137.8,4.34967757,0.628282363908603
1991-12-01,8.31,-2534.0,4.86,1.874,7.3,87.870003,20.18,138.2,4.346967664,0.6390908082252964
1992-01-01,8.2,-15668.0,4.09,1.874,7.3,88.68,19.31,138.3,4.052308746,0.6300857663447796
1992-02-01,8.29,-49180.0,4.4,1.874,7.4,89.919998,17.4,138.6,3.861765064,0.6319873545952902
1992-03-01,8.35,-50712.0,4.13,1.905,7.4,91.529999,16.88,139.1,3.975844252,0.6240376907638249
1992-04-01,8.33,14603.0,4.98,1.905,7.4,90.779999,16.48,139.4,4.066438773,0.6257530989776631
1992-05-01,8.28,-46773.0,3.75,1.905,7.6,89.599998,16.61,139.7,3.926410529,0.637730048218425
1992-06-01,8.22,3782.0,3.96,1.931,7.8,87.809998,14.43,140.1,3.860188559,0.6388197557929541
1992-07-01,8.07,-43147.0,3.89,1.931,7.7,83.970001,13.34,140.5,3.769367667,0.643677642800939
1992-08-01,7.95,-24742.0,3.37,1.931,7.6,82.57,13.17,140.8,3.628120085,0.657261452240194
1992-09-01,7.92,5310.0,3.39,1.951,7.6,85.959999,13.4,141.1,3.349237754,0.6498919366429455
1992-10-01,7.99,-48792.0,3.58,1.951,7.3,87.93,16.31,141.7,3.6359146,0.6435154576478307
1992-11-01,8.1,-32726.0,3.04,1.951,7.4,91.550003,16.67,142.1,3.629469745,0.6544422878507269
1992-12-01,7.98,-38947.0,3.17,1.971,7.4,92.519997,12.8,142.3,3.478262556,0.6557436489322545
1993-01-01,7.91,29817.0,2.66,1.971,7.3,93.75,12.57,142.8,3.528455109,0.6606771807362226
1993-02-01,7.71,-48498.0,3.25,1.971,7.1,94.860001,12.33,143.1,3.561853788,0.6716141669040558
1993-03-01,7.58,-43974.0,3.65,1.985,7.0,94.800003,13.6,143.3,3.334428143,0.6670055349298915
1993-04-01,7.46,7817.0,3.31,1.985,7.1,92.309998,13.02,143.8,3.404237829,0.6712499553895254
1993-05-01,7.43,-36963.0,3.01,1.985,7.1,91.379997,12.42,144.2,3.532736691,0.6742019571624889
1993-06-01,7.33,11099.0,3.33,1.997,7.0,94.150002,13.67,144.3,3.569326945,0.6831056459817921
1993-07-01,7.17,-39577.0,3.27,1.997,6.9,95.620003,11.51,144.5,3.422616714,0.6818124356845834
1993-08-01,6.85,-23078.0,3.07,1.997,6.8,95.800003,11.47,144.8,3.508810757,0.6965753757066522
1993-09-01,6.66,8517.0,3.25,2.023,6.7,94.150002,11.48,145.0,3.642383692,0.6841858079101328
1993-10-01,6.67,-45422.0,3.19,2.023,6.8,95.339996,11.83,145.6,3.424737275,0.6849557254633692
1993-11-01,6.93,-38381.0,3.15,2.023,6.6,96.370003,11.78,146.0,3.436277096,0.6867379420217864
1993-12-01,6.93,-7705.0,3.07,2.047,6.5,96.849998,13.83,146.3,3.548475916,0.6821440958607868
1994-01-01,6.92,15248.0,2.85,2.047,6.6,97.089996,11.66,146.3,3.375759896,0.6852358715687613
1994-02-01,7.08,-41566.0,3.25,2.047,6.6,97.099998,10.65,146.7,3.415920384,0.6762697220156354
1994-03-01,7.48,-32315.0,3.31,2.08,6.5,95.419998,15.83,147.1,3.570150943,0.6537802001978492
1994-04-01,7.88,17454.0,3.64,2.08,6.4,95.330002,20.45,147.2,3.354397547,0.6467151405194833
1994-05-01,7.99,-32057.0,3.73,2.08,6.1,93.75,14.11,147.5,3.225532887,0.6489367706136571
1994-06-01,7.97,14850.0,4.33,2.103,6.1,93.580002,12.72,147.9,3.194738495,0.6429889204516391
1994-07-01,8.11,-33198.0,3.82,2.103,6.1,90.559998,14.36,148.4,3.233880147,0.6467400756369291
1994-08-01,8.07,-24275.0,4.34,2.103,6.0,90.309998,11.17,149.0,3.306714086,0.6520462551535757
1994-09-01,8.34,4266.0,4.76,2.139,5.9,89.720001,11.86,149.3,3.254281644,0.6326382025751387
1994-10-01,8.57,-31343.0,5.44,2.139,5.8,88.370003,14.28,149.4,3.164264289,0.6353611020794905
1994-11-01,8.68,-37243.0,4.76,2.139,5.6,89.269997,14.84,149.8,3.128282179,0.6375742962579045
1994-12-01,8.46,-4803.0,5.49,2.155,5.5,90.18,16.69,150.1,2.901446577,0.6346472463368531
1995-01-01,8.46,15634.0,4.94,2.155,5.6,89.629997,13.2,150.5,3.144200833,0.6421449641192993
1995-02-01,8.26,-38357.0,5.25,2.155,5.4,88.489998,11.73,150.9,3.124100115,0.653963175304751
1995-03-01,8.12,-50544.0,5.56,2.151,5.4,86.099998,11.65,151.2,3.167481169,0.6505740603775466
1995-04-01,8.03,49722.0,6.3,2.151,5.8,83.029999,13.37,151.8,3.306684647,0.6523944014223987
1995-05-01,7.65,-39555.0,6.1,2.151,5.6,84.839996,12.14,152.1,3.355294523,0.6745155023804916
1995-06-01,7.3,12813.0,6.04,2.142,5.6,83.580002,12.21,152.4,3.332283478,0.6725778898560156
1995-07-01,7.41,-13582.0,6.11,2.142,5.7,82.800003,11.38,152.6,3.386948974,0.6694541609045799
1995-08-01,7.57,-33849.0,5.55,2.142,5.7,86.629997,13.56,152.9,3.23814109,0.6735540551533393
1995-09-01,7.32,7191.0,5.72,2.147,5.6,87.470001,11.29,153.1,3.351697522,0.66805307783021
1995-10-01,7.12,-22758.0,6.2,2.147,5.5,84.900002,13.95,153.5,3.46411606,0.6735081477387319
1995-11-01,7.02,-38452.0,5.76,2.147,5.6,85.379997,13.41,153.7,3.37996065,0.6781269451376929
1995-12-01,6.82,5283.0,5.56,2.147,5.6,85.629997,11.11,153.9,3.379829487,0.6743116957456013
1996-01-01,6.81,19456.0,4.73,2.147,5.6,87.720001,12.19,154.7,3.277075064,0.6745785837853061
1996-02-01,6.99,-44346.0,5.27,2.147,5.5,87.559998,12.65,155.0,3.259936249,0.666089002331839
1996-03-01,7.35,-47071.0,5.81,2.165,5.5,87.120003,16.72,155.5,3.134500987,0.6593184975674854
1996-04-01,7.5,72404.0,5.53,2.165,5.6,88.290001,17.9,156.1,3.004778103,0.652309768400715
1996-05-01,7.62,-53051.0,5.41,2.165,5.6,89.040001,16.07,156.4,3.047772222,0.652235075017055
1996-06-01,7.71,34340.0,5.31,2.171,5.3,88.559998,16.07,156.7,3.051784638,0.6511541420624817
1996-07-01,7.65,-26856.0,7.8,2.171,5.5,88.32,13.78,157.0,3.087421545,0.653207906920917
1996-08-01,7.46,-41831.0,6.29,2.171,5.1,86.959999,18.76,157.2,3.083473301,0.6521748754951172
1996-09-01,7.66,35257.0,5.28,2.176,5.2,88.120003,17.01,157.7,3.063090207,0.6486136237917491
1996-10-01,7.39,-39805.0,5.53,2.176,5.2,88.529999,17.05,158.2,2.943741816,0.6582143742241764
1996-11-01,7.1,-37878.0,5.19,2.176,5.4,87.959999,17.89,158.7,2.980390413,0.6694253387896589
1996-12-01,7.2,18490.0,5.44,2.174,5.4,89.139999,17.93,159.1,3.05642197,0.6572314653659632
1997-01-01,7.42,13364.0,6.26,2.174,5.3,93.589996,20.92,159.4,2.91241515,0.654301773778782
1997-02-01,7.31,-44010.0,5.37,2.174,5.2,95.800003,19.47,159.7,2.802464903,0.6566814008230639
1997-03-01,7.55,-21323.0,5.5,2.19,5.2,96.32,21.1,159.8,2.854608076,0.6414264878078842
1997-04-01,7.73,93939.0,6.18,2.19,5.1,97.470001,20.84,159.9,2.910920374,0.6407339040301919
1997-05-01,7.58,-48494.0,5.73,2.19,4.9,97.349998,19.87,159.9,2.870203143,0.6419429909641294
1997-06-01,7.41,54635.0,5.58,2.192,5.0,96.220001,20.85,160.2,2.828445596,0.6372518519655774
1997-07-01,7.14,-25624.0,6.24,2.192,4.9,100.0,21.0,160.4,2.752239262,0.6469600036847111
1997-08-01,7.22,-35189.0,5.65,2.192,4.8,101.790001,22.29,160.8,2.653670773,0.6436700830664553
1997-09-01,7.15,49940.0,5.52,2.184,4.9,100.230003,24.53,161.2,2.544804261,0.6415650998807083
1997-10-01,7.0,-35968.0,5.65,2.184,4.7,98.220001,22.32,161.5,2.618900715,0.6477709608372528
1997-11-01,6.87,-17349.0,5.56,2.184,4.6,97.989998,35.09,161.7,2.548580799,0.6517294787635781
1997-12-01,6.76,13639.0,5.92,2.17,4.7,99.730003,26.01,161.8,2.621535622,0.6515550703323078
1998-01-01,6.61,25379.0,5.84,2.17,4.6,101.68,24.01,162.0,2.673178027,0.655119055138003
1998-02-01,6.67,-41750.0,5.48,2.17,4.6,101.040001,21.36,162.0,2.691552555,0.654769423717191
1998-03-01,6.72,-13813.0,5.57,2.155,4.7,101.690002,19.19,162.0,2.672304266,0.6485613396837507
1998-04-01,6.69,124603.0,5.72,2.155,4.3,102.110001,23.37,162.2,2.640497846,0.6434664084045629
1998-05-01,6.69,-38779.0,5.46,2.155,4.4,100.660004,19.34,162.6,2.611332031,0.6467664076576036
1998-06-01,6.53,51106.0,5.79,2.155,4.5,102.449997,22.83,162.8,2.600204475,0.6431901776727076
1998-07-01,6.55,-24084.0,6.35,2.155,4.5,102.669998,18.0,163.2,2.603335947,0.6395173738422034
1998-08-01,6.52,-11166.0,5.63,2.155,4.5,102.879997,24.8,163.4,2.633982138,0.6542085891642201
1998-09-01,6.4,37425.0,5.75,2.14,4.6,100.129997,36.48,163.5,2.594217982,0.6474613543309865
1998-10-01,6.37,-32440.0,5.73,2.14,4.5,96.309998,43.48,163.9,2.535056337,0.6477518646187628
1998-11-01,6.41,-16937.0,5.35,2.14,4.4,96.940002,27.26,164.1,2.523581703,0.6485911165612276
1998-12-01,6.22,-5156.0,4.82,2.129,4.4,96.139999,24.97,164.4,2.437823,0.6413093855062251
1999-01-01,6.24,70505.0,4.07,2.129,4.3,96.239998,24.42,164.7,2.383116,0.6420000165751456
1999-02-01,6.4,-42337.0,4.86,2.129,4.4,99.480003,27.67,164.7,2.316234,0.6295792824279443
1999-03-01,6.62,-22409.0,5.1,2.124,4.2,100.790001,28.37,164.8,2.237507,0.6243301375888208
1999-04-01,6.64,113459.0,5.41,2.124,4.3,101.360001,22.06,165.9,2.226592,0.6168770161480799
1999-05-01,6.93,-23969.0,5.03,2.124,4.2,102.639999,25.07,166.0,2.153318,0.6128250374493109
1999-06-01,7.23,53568.0,4.78,2.128,4.3,103.480003,26.62,166.0,2.070264,0.6037602773143094
1999-07-01,7.19,-25164.0,5.76,2.128,4.3,104.879997,19.69,166.7,2.111144,0.600900664483175
1999-08-01,7.4,-2803.0,5.07,2.128,4.2,101.459999,25.59,167.1,2.094839,0.6020981918781627
1999-09-01,7.39,58042.0,5.41,2.146,4.2,101.269997,22.93,167.8,2.070746,0.5887273237456856
1999-10-01,7.55,-26326.0,5.26,2.146,4.1,99.919998,24.93,168.1,2.04962,0.5889192396614643
1999-11-01,7.36,-27031.0,5.38,2.146,4.1,102.339996,22.09,168.4,2.147821,0.5873031056338532
1999-12-01,7.55,33081.0,5.71,2.135,4.0,102.760002,22.23,168.8,2.167848,0.5851225018068563
2000-01-01,7.78,62152.0,3.99,2.135,4.0,105.279999,24.64,169.3,2.335519,0.5775941422364067
2000-02-01,7.68,-41734.0,5.79,2.135,4.1,106.860001,23.45,170.0,2.379221,0.5833928786917331
2000-03-01,7.68,-35380.0,5.78,2.151,4.0,106.610001,21.64,171.0,2.483286,0.5783335219931849
2000-04-01,7.64,159497.0,6.17,2.151,3.8,110.32,24.11,170.9,2.409239,0.5673164372172542
2000-05-01,7.99,-3611.0,6.17,2.151,4.0,112.860001,25.88,171.2,2.558647,0.5620762472042562
2000-06-01,7.67,55888.0,6.65,2.141,4.0,109.419998,22.36,172.2,2.701492,0.5659727286780158
2000-07-01,7.65,5061.0,6.86,2.141,4.0,109.919998,19.54,172.7,2.71297,0.5652264719550424
2000-08-01,7.55,-10427.0,6.51,2.141,4.1,112.93,20.55,172.7,2.874818,0.570237052809293
2000-09-01,7.62,65747.0,6.52,2.133,3.9,116.75,17.53,173.6,2.897082,0.5624036005482694
2000-10-01,7.55,-11321.0,6.6,2.133,3.9,119.07,21.23,173.9,2.919941,0.5622598637912161
2000-11-01,7.45,-23690.0,6.61,2.133,3.9,118.690002,24.28,174.2,2.870145,0.5720243808203804
2000-12-01,7.21,32666.0,6.6,2.085,3.9,115.440002,27.48,174.6,2.972089,0.5715633208092543
2001-01-01,7.15,76379.0,5.41,2.085,4.2,112.650002,29.99,175.6,2.878468,0.5793090906972349
2001-02-01,7.1,-48168.0,5.57,2.085,4.2,113.620003,21.66,176.0,2.979742,0.5838171096702642
2001-03-01,6.98,-50662.0,5.59,2.059,4.3,117.629997,28.08,176.1,2.961886,0.5798377205396735
2001-04-01,7.2,189796.0,5.29,2.059,4.4,117.82,31.21,176.4,3.091112,0.5632323804132465
2001-05-01,7.29,-27919.0,4.61,2.059,4.3,119.290001,24.2,177.3,3.07401,0.5627700726483631
2001-06-01,7.18,31862.0,4.14,2.014,4.5,120.330002,21.59,177.7,3.200619,0.5690402546890834
2001-07-01,7.13,2820.0,3.95,2.014,4.6,121.019997,18.76,177.4,3.207811,0.574550717964299
2001-08-01,7.02,-79990.0,3.79,2.014,4.9,117.160004,20.56,177.4,3.251713,0.5812029039386603
2001-09-01,7.17,35501.0,3.66,1.98,5.0,116.080002,24.92,178.1,3.388746,0.5863909313524316
2001-10-01,7.03,-7656.0,3.02,1.98,5.3,116.269997,32.32,177.6,3.484066,0.595611917491404
2001-11-01,6.97,-54267.0,2.61,1.98,5.5,117.43,32.31,177.5,3.601999,0.5900586888095407
2001-12-01,6.77,26567.0,2.06,1.969,5.7,118.260002,23.84,177.4,3.564921,0.5835582139379608
2002-01-01,6.55,43729.0,1.52,1.969,5.7,120.510002,23.8,177.7,3.557463,0.5832058237121528
2002-02-01,6.51,-76056.0,1.77,1.969,5.7,120.400002,21.12,178.0,3.527436,0.5907636667130338
2002-03-01,6.81,-64238.0,1.78,1.972,5.7,119.610001,19.96,178.5,3.46848,0.5756347210460475
2002-04-01,6.76,67170.0,1.88,1.972,5.9,118.699997,18.73,179.3,3.465822,0.5803373789662603
2002-05-01,6.75,-80631.0,1.88,1.972,5.8,115.339996,20.06,179.5,3.452132,0.583313279681395
2002-06-01,6.63,29071.0,1.79,1.953,5.8,112.040001,19.98,179.6,3.241692,0.5921864814767608
2002-07-01,6.53,-29159.0,1.83,1.953,5.8,107.879997,27.11,180.0,3.263706,0.6009901639105465
2002-08-01,6.37,-54709.0,1.79,1.953,5.7,109.0,36.95,180.5,3.146595,0.6122610624141936
2002-09-01,6.15,42388.0,1.81,1.927,5.7,109.669998,32.64,180.8,3.026606,0.6179036658270225
2002-10-01,6.32,-54072.0,1.85,1.927,5.7,108.739998,34.12,181.2,2.937194,0.616529521988697
2002-11-01,6.31,-58883.0,1.74,1.927,5.9,106.970001,29.3,181.5,2.824322,0.6164119965288403
2002-12-01,6.21,4719.0,1.23,1.915,6.0,107.309998,27.46,181.8,2.792164,0.6242813198236749
2003-01-01,6.17,10633.0,1.16,1.915,5.8,103.199997,28.62,182.6,2.778159,0.6212475263172637
2003-02-01,5.95,-96663.0,1.33,1.915,5.9,100.889999,31.17,183.6,2.69562,0.6300446325615177
2003-03-01,5.89,-58877.0,1.33,1.901,5.9,102.150002,29.63,183.9,2.619135,0.6198218897129137
2003-04-01,5.74,51066.0,1.29,1.901,6.0,101.809998,28.36,183.2,2.450573,0.6195920608629225
2003-05-01,5.22,-88867.0,1.3,1.901,6.1,97.25,21.59,182.9,2.338588,0.6381021228583708
2003-06-01,4.97,21230.0,1.28,1.905,6.3,95.339996,20.85,183.1,2.261697,0.6302592388526032
2003-07-01,5.49,-54240.0,1.11,1.905,6.2,97.449997,19.46,183.7,2.228217,0.6193485782293935
2003-08-01,5.88,-76587.0,1.0,1.905,6.1,99.489998,20.75,184.5,2.155287,0.6223831597497949
2003-09-01,5.72,23402.0,1.01,1.94,6.1,99.370003,19.02,185.1,2.174311,0.6203240608367112
2003-10-01,5.7,-69545.0,1.11,1.94,6.0,93.419998,21.07,184.9,2.150681,0.6209441640388731
2003-11-01,5.65,-42971.0,1.03,1.94,5.8,94.129997,16.1,185.0,2.025956,0.6239512398411381
2003-12-01,5.62,-17640.0,1.03,1.95,5.7,90.540001,16.77,185.5,1.967767,0.6243832005962705
2004-01-01,5.54,-1633.0,0.94,1.95,5.7,88.07,18.31,186.3,1.949813,0.627352140702265
2004-02-01,5.5,-96701.0,1.03,1.95,5.6,88.019997,17.11,186.7,2.037157,0.6377434310732458
2004-03-01,5.33,-72913.0,1.04,1.94,5.8,89.839996,14.44,187.1,2.126567,0.6321321674606604
2004-04-01,5.73,17578.0,1.03,1.94,5.6,91.559998,16.65,187.4,2.247883,0.6174452429100915
2004-05-01,6.04,-62463.0,1.03,1.94,5.6,92.290001,17.19,188.2,2.228612,0.6206319505416371
2004-06-01,6.01,19124.0,1.02,1.949,5.6,90.419998,16.3,188.9,2.370793,0.6175465593828744
2004-07-01,5.82,-69160.0,1.4,1.949,5.5,90.290001,15.2,189.1,2.254997,0.622146200822133
2004-08-01,5.65,-41132.0,1.29,1.949,5.4,90.190002,15.37,189.2,2.249671,0.6314104963004986
2004-09-01,5.46,24611.0,1.53,1.958,5.4,89.75,14.91,189.8,2.23192,0.6217024790987046
2004-10-01,5.47,-56618.0,1.86,1.958,5.5,88.639999,12.75,190.8,2.229333,0.6275936533055155
2004-11-01,5.52,-57170.0,1.83,1.958,5.4,85.660004,16.27,191.7,2.293797,0.6283041065635184
2004-12-01,5.47,-2561.0,2.04,1.985,5.4,83.18,12.97,191.7,2.304188,0.6247373169207614
2005-01-01,5.36,8106.0,1.97,1.985,5.3,84.080002,13.29,191.6,2.308836,0.6284186004762484
2005-02-01,5.2,-113789.0,2.4,1.985,5.4,85.440002,12.03,192.4,2.279146,0.6299851041168812
2005-03-01,5.4,-71724.0,2.39,1.995,5.2,84.739998,12.04,193.1,2.238654,0.6249257118660436
2005-04-01,5.33,57924.0,2.83,1.995,5.2,85.32,14.09,193.7,2.231837,0.6295764585856034
2005-05-01,5.15,-36190.0,2.97,1.995,5.1,87.800003,15.12,193.6,2.350311,0.6340801767067079
2005-06-01,4.96,22473.0,3.02,2.0,5.0,89.480003,12.36,193.7,2.191008,0.6291505163117127
2005-07-01,5.06,-53395.0,3.36,2.0,5.0,90.769997,11.4,194.9,2.292571,0.6250417534008764
2005-08-01,5.09,-51036.0,3.3,2.0,4.9,89.440002,12.08,196.1,2.256804,0.6334114556266541
2005-09-01,5.13,35234.0,3.57,2.001,5.0,89.82,13.15,198.8,2.326514,0.6187311452151288
2005-10-01,5.35,-47277.0,3.93,2.001,5.0,90.739998,11.92,199.1,2.318218,0.6205774093521835
2005-11-01,5.42,-83072.0,3.99,2.001,5.0,92.629997,14.85,198.1,2.424911,0.6253506776089588
2005-12-01,5.37,10967.0,4.03,2.016,4.9,92.32,11.24,198.1,2.463042,0.6213398474611668
2006-01-01,5.29,20964.0,4.09,2.016,4.7,90.940002,12.07,199.3,2.444816,0.6210015912747553
2006-02-01,5.35,-119237.0,4.47,2.016,4.8,91.019997,12.36,199.4,2.492938,0.625362154721321
2006-03-01,5.53,-85281.0,4.52,2.017,4.7,91.160004,11.54,199.7,2.575349,0.6191330973290724
2006-04-01,5.84,118841.0,5.0,2.017,4.7,90.400002,11.39,200.7,2.67529,0.6153667624876539
2006-05-01,5.95,-42907.0,4.84,2.017,4.6,86.360001,12.54,201.3,2.778406,0.6136871807340484
2006-06-01,5.89,20517.0,5.02,2.006,4.6,87.050003,14.52,201.8,3.029284,0.6126304848932111
2006-07-01,5.85,-33164.0,5.05,2.006,4.7,87.330002,13.08,202.9,3.089187,0.6179224102802356
2006-08-01,5.68,-64717.0,5.27,2.006,4.7,85.75,15.05,203.8,3.219901,0.6272661913450632
2006-09-01,5.51,56167.0,5.25,1.997,4.5,86.220001,11.96,202.8,3.207054,0.621216049505825
2006-10-01,5.51,-49321.0,5.34,1.997,4.4,87.300003,12.57,201.9,3.285968,0.6268430064759865
2006-11-01,5.33,-73042.0,5.23,1.997,4.5,85.93,11.51,202.0,3.141252,0.6333959183906048
2006-12-01,5.32,41961.0,5.27,1.993,4.4,84.220001,11.66,203.1,3.1159,0.6238335479676591
2007-01-01,5.4,38236.0,5.17,1.993,4.6,85.43,12.04,203.437,3.136734,0.6240727209749312
2007-02-01,5.39,-119993.0,5.29,1.993,4.5,85.209999,10.31,204.226,3.152428,0.6341250217805713
2007-03-01,5.3,-96270.0,5.31,1.986,4.4,84.379997,15.82,205.288,3.099888,0.6293534504247372
2007-04-01,5.47,177674.0,5.3,1.986,4.5,83.209999,14.53,205.904,2.957465,0.6294923192355105
2007-05-01,5.47,-67699.0,5.26,1.986,4.4,82.599998,13.51,206.755,2.774199,0.6225558221373827
2007-06-01,5.79,27481.0,5.23,1.977,4.6,83.269997,12.78,207.234,2.621714,0.6163779101747122
2007-07-01,5.73,-36447.0,5.31,1.977,4.7,81.949997,15.4,207.603,2.525322,0.6265330057428129
2007-08-01,5.79,-116973.0,5.3,1.977,4.6,82.129997,23.67,207.667,2.459164,0.6357748979907261
2007-09-01,5.74,112866.0,4.96,1.977,4.7,81.139999,23.38,208.547,2.475003,0.6306397161329571
2007-10-01,5.66,-56838.0,4.92,1.977,4.7,78.889999,17.84,209.19,2.494632,0.6377616724310566
2007-11-01,5.44,-98238.0,4.59,1.977,4.7,76.870003,23.21,210.834,2.64947,0.6554374437396032
2007-12-01,5.49,48261.0,4.66,1.939,5.0,77.849998,22.87,211.445,2.712396,0.659713387338339
2008-01-01,5.33,17839.0,3.06,1.939,5.0,77.349998,22.5,212.174,2.747695,0.6720684365008269
2008-02-01,5.53,-175563.0,3.12,1.939,4.9,77.040001,24.02,212.687,2.617738,0.6826691638779977
2008-03-01,5.51,-48212.0,3.01,1.927,5.1,73.949997,26.54,213.448,2.688949,0.6812998593204586
2008-04-01,5.55,159282.0,2.38,1.927,5.0,73.110001,22.68,213.942,2.725505,0.6681689615578842
2008-05-01,5.57,-165927.0,2.16,1.927,5.4,73.889999,18.88,215.208,2.793043,0.6609039156646564
2008-06-01,5.68,33547.0,1.98,1.908,5.6,74.309998,19.83,217.463,2.933931,0.66910535399056
2008-07-01,5.67,-102767.0,2.11,1.908,5.8,73.540001,23.65,219.016,3.010504,0.6742399271253056
2008-08-01,5.64,-111914.0,2.04,1.908,6.1,77.620003,22.57,218.69,3.080765,0.680226906519022
2008-09-01,5.65,45734.0,1.94,1.813,6.1,80.379997,21.99,218.877,3.071629,0.717083114021712
2008-10-01,6.28,-155533.0,1.15,1.813,6.5,87.879997,39.81,216.995,2.922213,0.7464707001385317
2008-11-01,6.12,-125201.0,0.22,1.813,6.8,88.459999,59.89,213.153,2.777101,0.7725245442476898
2008-12-01,5.05,-51754.0,0.52,1.735,7.3,87.699997,68.51,211.398,2.614507,0.8014675728516485
2009-01-01,5.05,-63457.0,0.14,1.735,7.8,86.809998,40.0,211.933,2.535975,0.7835684837995573
2009-02-01,5.27,-193859.0,0.23,1.735,8.3,88.489998,45.52,212.705,2.54257,0.7958476885228657
2009-03-01,5.5,-191589.0,0.22,1.709,8.7,89.620003,52.65,212.495,2.437701,0.8258956323364695
2009-04-01,5.39,-20907.0,0.16,1.709,9.0,86.870003,42.28,212.709,2.359914,0.821695715166624
2009-05-01,5.54,-189651.0,0.22,1.709,9.4,84.870003,35.3,213.022,2.273815,0.8220990184710131
2009-06-01,5.61,-94332.0,0.21,1.711,9.5,81.470001,30.04,214.79,2.078063,0.8307217125864825
2009-07-01,5.41,-180680.0,0.2,1.711,9.5,80.889999,26.22,214.726,1.910212,0.8394144266663677
2009-08-01,5.26,-103555.0,0.18,1.711,9.6,79.510002,25.92,215.445,1.757047,0.8517337189133388
2009-09-01,5.13,-45207.0,0.15,1.726,9.8,78.940002,29.15,215.861,1.602846,0.8501186485875709
2009-10-01,5.15,-176363.0,0.11,1.726,10.0,77.470001,28.27,216.509,1.509202,0.8486238954781261
2009-11-01,5.19,-120287.0,0.11,1.726,9.9,76.82,29.78,217.234,1.361569,0.8701237689701403
2009-12-01,5.26,-91410.0,0.13,1.739,9.9,78.449997,21.92,217.347,1.318775,0.8599888517204314
2010-01-01,5.26,-42634.0,0.05,1.739,9.8,79.5,21.68,217.488,1.170764,0.8660438711215535
2010-02-01,5.35,-220909.0,0.14,1.739,9.8,81.339996,22.59,217.281,1.048684,0.8752347674608405
2010-03-01,5.27,-65387.0,0.14,1.746,9.9,82.239998,19.26,217.353,0.9255024,0.8783665203779418
2010-04-01,5.29,-82689.0,0.17,1.746,9.9,82.709999,17.47,217.403,0.869413,0.8956693682117447
2010-05-01,4.96,-135927.0,0.2,1.746,9.6,87.459999,22.05,217.29,0.793302,0.9067172899574791
2010-06-01,4.88,-68422.0,0.2,1.748,9.4,88.709999,35.54,217.199,0.7780127,0.9209260285252417
2010-07-01,4.72,-165043.0,0.17,1.748,9.4,86.260002,32.86,217.605,0.7440706,0.9249084327707092
2010-08-01,4.49,-90526.0,0.18,1.748,9.5,83.559998,22.01,217.923,0.6911158,0.9506520675117245
2010-09-01,4.53,-34607.0,0.19,1.745,9.5,83.220001,23.89,218.275,0.6638685,0.9463159870809409
2010-10-01,4.68,-140432.0,0.2,1.745,9.4,78.830002,22.5,219.035,0.6723344,0.9527107201723586
2010-11-01,4.87,-150394.0,0.2,1.745,9.8,81.440002,21.83,219.59,0.8233069,0.9568062233882105
2010-12-01,5.02,-78134.0,0.2,1.728,9.3,81.360001,21.36,220.472,0.8307821,0.9507767606026479
2011-01-01,5.04,-49796.0,0.13,1.728,9.1,81.309998,17.75,221.187,0.9539952,0.9555320123547953
2011-02-01,5.22,-222507.0,0.18,1.728,9.0,78.870003,17.63,221.898,1.117829,0.9575253096645997
2011-03-01,5.13,-188154.0,0.15,1.714,9.0,77.379997,21.01,223.046,1.179972,0.9475213271199255
2011-04-01,5.16,-40387.0,0.11,1.714,9.1,76.610001,17.4,224.093,1.210295,0.9572272324048167
2011-05-01,4.96,-57641.0,0.09,1.714,9.0,76.370003,15.99,224.806,1.256079,0.9675052076038504
2011-06-01,4.99,-43080.0,0.1,1.656,9.1,76.019997,18.3,224.806,1.29395,0.9581739912881654
2011-07-01,4.93,-129376.0,0.08,1.656,9.0,76.720001,15.87,225.395,1.41844,0.9713197100145197
2011-08-01,4.37,-134143.0,0.17,1.656,9.0,75.419998,23.66,226.106,1.651442,1.0101817010572813
2011-09-01,4.09,-62750.0,0.08,1.648,9.0,78.860001,31.82,226.597,1.721515,1.0142366691517921
2011-10-01,3.98,-98466.0,0.06,1.648,8.8,79.830002,42.96,226.75,1.835844,1.0236418934951133
2011-11-01,3.87,-137302.0,0.08,1.648,8.6,79.699997,34.77,227.169,1.835434,1.0321065954041024
2011-12-01,3.93,-85967.0,0.08,1.642,8.5,80.849998,27.41,227.223,2.045078,1.0302695191086082
2012-01-01,3.85,-27407.0,0.04,1.642,8.3,81.779999,23.4,227.842,2.113351,1.0411477393620745
2012-02-01,3.85,-231677.0,0.11,1.642,8.3,80.110001,18.55,228.329,2.01608,1.0422990384163602
2012-03-01,3.99,-198157.0,0.11,1.631,8.2,80.730003,17.26,228.807,2.122799,1.0290727251580556
2012-04-01,3.96,59117.0,0.09,1.631,8.2,80.169998,15.64,229.187,2.191796,1.0456765439129667
2012-05-01,3.8,-124636.0,0.16,1.631,8.2,83.209999,16.6,228.713,2.188203,1.0635205587175756
2012-06-01,3.64,-59741.0,0.16,1.612,8.2,83.540001,26.66,228.524,2.238927,1.0566841310058903
2012-07-01,3.4,-69604.0,0.09,1.612,8.2,84.099998,16.74,228.59,2.260479,1.0691477168383596
2012-08-01,3.48,-190533.0,0.14,1.612,8.1,83.510002,18.96,229.918,2.17107,1.070293582399162
2012-09-01,3.49,75180.0,0.13,1.586,7.8,81.669998,17.47,231.015,2.219253,1.0638157284537013
2012-10-01,3.47,-119995.0,0.15,1.586,7.8,80.279999,16.32,231.638,2.206525,1.072061559452289
2012-11-01,3.5,-172112.0,0.17,1.586,7.7,81.459999,16.69,231.249,2.195661,1.080873758458904
2012-12-01,3.65,-1191.0,0.16,1.583,7.9,80.660004,15.87,231.221,2.107127,1.0641698024932322
2013-01-01,3.8,2886.0,0.09,1.583,8.0,80.870003,18.02,231.679,2.065935,1.0555021930613595
2013-02-01,3.9,-203539.0,0.14,1.583,7.7,81.989998,12.9,232.937,2.143683,1.0741889102772681
2013-03-01,3.93,-106530.0,0.14,1.574,7.5,83.300003,15.36,232.282,2.096923,1.0735630357600687
2013-04-01,3.73,112889.0,0.16,1.574,7.6,83.489998,13.58,231.797,1.932255,1.0828883342727373
2013-05-01,3.89,-138732.0,0.14,1.574,7.5,84.5,14.49,231.893,1.905048,1.0573932072493195
2013-06-01,4.27,116501.0,0.09,1.573,7.5,83.379997,16.3,232.445,1.874046,1.0281329808625044
2013-07-01,4.34,-97597.0,0.1,1.573,7.3,84.75,16.37,232.9,1.865294,1.025590783632591
2013-08-01,4.54,-147905.0,0.08,1.573,7.2,82.489998,12.94,233.456,1.911745,1.0169673675069917
2013-09-01,4.64,75114.0,0.07,1.565,7.2,82.669998,17.01,233.544,1.888205,1.0090612394041676
2013-10-01,4.53,-90586.0,0.08,1.565,7.2,80.75,15.54,233.669,1.866698,1.035689874470241
2013-11-01,4.63,-135226.0,0.08,1.565,6.9,81.480003,13.28,234.1,1.890963,1.0339216121154822
2013-12-01,4.62,53220.0,0.07,1.541,6.7,80.989998,14.23,234.719,1.872378,1.0306646141486746
2014-01-01,4.49,-10250.0,0.07,1.541,6.6,81.389999,13.72,235.288,1.821944,1.0405554497922924
2014-02-01,4.45,-193532.0,0.07,1.541,6.7,81.32,18.41,235.547,1.789204,1.0509289070457986
2014-03-01,4.38,-36895.0,0.06,1.548,6.7,80.349998,14.0,236.028,1.821445,1.035105272663631
2014-04-01,4.24,106853.0,0.08,1.548,6.2,80.599998,13.1,236.468,2.025724,1.0335868785172801
2014-05-01,4.16,-129971.0,0.09,1.548,6.3,80.580002,13.25,236.918,2.127518,1.0411046420163177
2014-06-01,4.25,70519.0,0.08,1.554,6.1,81.019997,11.58,237.231,2.142724,1.028227677156235
2014-07-01,4.16,-94621.0,0.1,1.554,6.2,81.57,11.15,237.498,2.098319,1.0289409908702585
2014-08-01,4.08,-128677.0,0.09,1.554,6.1,82.75,17.03,237.46,1.959017,1.040050711550088
2014-09-01,4.11,105803.0,0.07,1.541,5.9,86.220001,12.25,237.477,1.95017,1.0300870155831714
2014-10-01,3.92,-121713.0,0.09,1.541,5.7,87.129997,16.71,237.43,2.001463,1.042458555480913
2014-11-01,3.92,-56818.0,0.07,1.541,5.8,88.440002,14.03,236.983,1.999147,1.0530547570720294
2014-12-01,3.79,1864.0,0.13,1.526,5.6,90.330002,14.29,236.252,1.961226,1.0501048826062727
2015-01-01,3.46,-14996.0,0.06,1.526,5.7,95.480003,19.2,234.747,1.976365,1.071551411687052
2015-02-01,3.61,-192359.0,0.06,1.526,5.5,95.360001,19.43,235.342,1.972517,1.0589237573676773
2015-03-01,3.64,-52910.05993036,0.06,1.528,5.4,100.389999,13.04,235.976,1.989606,1.0486994813505455
2015-04-01,3.52,156714.07843925,0.12,1.528,5.4,99.989998,15.11,236.222,2.05371,1.042944489934892
2015-05-01,3.98,-82385.27841904,0.13,1.528,5.6,97.779999,12.7,237.001,2.056561,1.03709102908437
2015-06-01,4.19,51775.76400154,0.12,1.52,5.3,97.68,13.97,237.657,2.103732,1.0205076442701313
2015-07-01,4.15,-149186.76611285,0.13,1.52,5.2,98.150002,16.09,238.034,2.130475,1.0268277379401145
2015-08-01,4.04,-64420.51991251,0.08,1.52,5.1,98.330002,12.12,238.033,2.169207,1.0225672448728174
2015-09-01,4.07,91060.53109438,0.14,1.501,5.0,96.699997,31.4,237.498,2.268536,1.0269519559306775
2015-10-01,3.95,-136532.08481492,0.13,1.501,5.0,97.82,22.55,237.733,2.335492,1.023062643906579
2015-11-01,4.06,-64552.91957894,0.07,1.501,5.1,100.309998,14.15,238.017,2.394625,1.05542475762453
2015-12-01,3.97,-14443.9438535,0.13,1.477,5.0,100.510002,14.67,237.761,2.437497,1.051380246274236
2016-01-01,4.0,55163.28851489,0.2,1.477,4.8,99.830002,18.21,237.652,2.460879,1.0729608058066493
2016-02-01,3.96,-192614.00170636,0.38,1.477,4.9,99.629997,19.98,237.336,2.538253,1.0850519647242596
2016-03-01,3.82,-108042.73073878,0.36,1.466,5.0,98.580002,17.7,238.08,2.526214,1.0830334942273023
2016-04-01,3.62,106451.87183668,0.37,1.466,5.1,95.199997,13.1,238.992,2.53143,1.076144756901323
2016-05-01,3.65,-52507.41284454,0.3,1.466,4.8,95.889999,14.68,239.557,2.565678,1.0774434094771281
2016-06-01,3.5,6251.98744016,0.37,1.457,4.9,96.709999,14.2,240.222,2.563629,1.09221374525814
2016-07-01,3.28,-112815.2385045,0.41,1.457,4.8,97.57,14.77,240.101,2.569655,1.0965699392234192
2016-08-01,3.32,-107111.57568004,0.4,1.457,4.9,96.519997,12.44,240.545,2.716347,1.0928965508735968
2016-09-01,3.41,33359.49405496,0.4,1.45,5.0,96.330002,13.48,241.176,2.624799,1.0839221118717377
2016-10-01,3.51,-44192.20097674,0.29,1.45,4.9,99.120003,13.29,241.741,2.502268,1.0854779508542418
2016-11-01,3.86,-136650.57490356,0.41,1.45,4.7,101.919998,18.56,242.026,2.518564,1.0683480065014161
2016-12-01,4.06,-27515.79855866,0.41,1.444,4.7,103.650002,14.07,242.637,2.585286,1.0570908301021926
2017-01-01,3.92,51257.177643,0.55,1.444,4.7,103.82,14.04,243.618,2.651739,1.0561001705179294
2017-02-01,3.95,-192044.46533546,0.66,1.444,4.6,101.760002,11.81,244.006,2.664566,1.0582682108646415
2017-03-01,4.01,-176232.32530805,0.66,1.437,4.4,102.260002,12.54,243.892,2.436586,1.0432364028703032
2017-04-01,3.87,182428.05764871,0.82,1.437,4.4,101.339996,12.37,244.193,2.235672,1.0467860333666295
2017-05-01,3.85,-88425.99436618,0.91,1.437,4.4,99.889999,10.11,244.004,2.139634,1.0493993845146496
2017-06-01,3.68,-90233.19107067,0.91,1.44,4.3,97.870003,9.89,244.163,2.122109,1.0323017357539725
2017-07-01,3.7,-42939.37760097,1.06,1.44,4.3,96.510002,11.18,244.243,2.131777,1.0321138478702272
2017-08-01,3.63,-107688.77677988,1.16,1.44,4.4,94.150002,10.09,245.183,2.075047,1.0396547534745928
2017-09-01,3.63,8000.08293523,1.16,1.45,4.3,93.669998,10.13,246.435,2.091354,1.0338328603437785
2017-10-01,3.6,-63214.01796695,1.06,1.45,4.2,95.150002,9.45,246.626,2.177581,1.0414337652257653
2017-11-01,3.57,-138547.43781759,1.16,1.45,4.2,95.150002,10.2,247.284,2.099803,1.0465293160363422
2017-12-01,3.51,-23193.55948872,1.16,1.462,4.1,94.220001,11.43,247.805,2.117186,1.028327003894473
2018-01-01,3.55,49235.72070792,1.33,1.462,4.0,92.639999,9.77,248.859,2.157823,1.0169538382786025
2018-02-01,3.82,-215248.1724224,1.42,1.462,4.1,90.699997,13.47,249.529,2.123101,1.0268906006246485
2018-03-01,3.87,-208743.24980988,1.42,1.465,4.0,90.93,22.47,249.577,2.366925,1.0308581077456627
2018-04-01,3.85,214255.11366731,1.67,1.465,4.0,91.989998,23.62,250.227,2.491592,1.0215387928387236
2018-05-01,4.0,-146796.44336556,1.7,1.465,3.8,95.029999,15.49,250.792,2.543212,1.0292158092896952
2018-06-01,3.96,-74857.99046356,1.7,1.466,4.0,95.529999,13.46,251.018,2.551897,1.0211392714843648
2018-07-01,3.87,-76865.22967062,1.91,1.466,3.8,95.650002,15.6,251.214,2.518753,1.0219662450543854
2018-08-01,3.88,-214147.52548064,1.91,1.466,3.8,96.980003,13.15,251.663,2.432443,1.03278902125274
2018-09-01,3.98,119116.00888032,1.91,1.465,3.7,95.739998,12.86,252.182,2.462881,1.020806758165161
2018-10-01,4.14,-100491.14254473,2.18,1.465,3.8,97.199997,12.0,252.772,2.415236,1.0240002004028423
2018-11-01,4.22,-204902.55739878,2.2,1.465,3.8,97.690002,19.34,252.594,2.476418,1.0366209900846965
2018-12-01,4.02,-13539.35862905,2.2,1.46,3.9,97.709999,18.07,252.767,2.456173,1.0460131197998042
2019-01-01,3.93,8682.86661098,2.4,1.46,4.0,96.959999,25.42,252.561,2.375054,1.0500312900795308
2019-02-01,3.79,-233977.2488268,2.4,1.46,3.8,97.370003,16.14,253.319,2.375943,1.0529406728056538
2019-03-01,3.77,-146944.76565389,2.4,1.46,3.8,97.709999,13.57,254.277,2.356946,1.0486526044814592
2019-04-01,3.69,160304.50890986,2.41,1.46,3.7,98.330002,13.4,255.233,2.392773,1.0449770923472423
2019-05-01,3.67,-207768.39134666,2.45,1.46,3.6,98.370003,14.8,255.296,2.360903,1.0615168969512188
2019-06-01,3.42,-8476.31845422,2.4,1.453,3.6,97.800003,18.71,255.213,2.392597,1.0512032617627078
2019-07-01,3.29,-119695.80619346,2.39,1.453,3.7,98.68,14.06,255.802,2.475923,1.0494239910774645
2019-08-01,2.98,-200344.34892913,2.14,1.453,3.6,99.019997,17.87,256.036,2.630398,1.0958233141802065
2019-09-01,3.03,82767.65846478,2.13,1.437,3.5,99.459999,18.98,256.43,2.622934,1.087817356918583
2019-10-01,3.01,-134467.56493381,1.88,1.437,3.6,99.669998,18.56,257.155,2.747596,1.099742996083989
2019-11-01,3.06,-208838.29445674,1.57,1.437,3.6,98.540001,12.3,257.879,2.772021,1.0994873162243939
2019-12-01,3.01,-13272.55731642,1.56,1.392,3.6,98.379997,14.91,258.63,2.752609,1.1088423092184359
2020-01-01,2.94,-32593.28000764,1.55,1.392,3.6,98.190002,13.78,258.906,2.790484,1.1303105201650767
2020-02-01,2.78,-235335.21387457,1.59,1.392,3.5,99.910004,18.84,259.246,2.800101,1.1580164902580161
2020-03-01,3.02,-119125.16471802,1.58,1.128,4.4,102.989998,33.42,258.15,2.606553,1.300015773501953
2020-04-01,2.43,-737850.62107965,0.06,1.128,14.8,100.93,57.06,256.126,2.179323,1.3658516890076067
2020-05-01,2.5,-398821.41365968,0.05,1.128,13.2,100.559998,37.19,255.848,2.01414,1.402073997058124
2020-06-01,2.44,-864074.06849171,0.05,1.175,11.0,98.32,28.23,257.004,1.993544,1.323308222050995
2020-07-01,2.14,-62991.72639454,0.08,1.175,10.2,97.620003,28.62,258.408,2.281283,1.3361133130447476
2020-08-01,2.25,-200095.01510766,0.1,1.175,8.4,93.989998,24.46,259.366,2.213149,1.3337573980350745
2020-09-01,2.31,-124610.55841919,0.09,1.163,7.8,94.739998,26.12,259.951,1.980283,1.3202477858523203
2020-10-01,2.35,-284070.53717284,0.09,1.163,6.8,94.099998,26.7,260.249,1.747303,1.3187539949824973
2020-11-01,2.3,-145266.26352985,0.09,1.163,6.7,94.300003,37.13,260.895,1.697582,1.336002966151062
2020-12-01,2.26,-143562.32743913,0.09,1.155,6.7,91.949997,20.77,262.005,1.600671,1.3121618252239968
2021-01-01,2.45,-162832.48946754,0.09,1.155,6.4,90.879997,22.75,262.518,1.400569,1.3059185134988938
2021-02-01,2.7,-310921.94250467,0.08,1.155,6.2,91.599998,30.24,263.583,1.405123,1.2902106774789674
2021-03-01,3.04,-659591.61844058,0.07,1.145,6.1,93.440002,23.35,264.91,1.592366,1.2478811723774514
2021-04-01,2.9,-225579.46032577,0.07,1.145,6.1,93.339996,17.33,266.752,2.209393,1.2550680776814305
2021-05-01,2.96,-131953.06316821,0.05,1.145,5.8,91.440002,18.61,268.452,2.562825,1.2575882171159798
2021-06-01,2.79,-174160.55026216,0.06,1.145,5.9,92.449997,17.9,270.664,2.558145,1.2473344948605212
2021-07-01,2.57,-302050.4883435,0.1,1.145,5.4,93.190002,15.48,271.994,2.323597,1.2561640822707716
2021-08-01,2.55,-170634.65366187,0.07,1.145,5.1,93.730003,19.46,272.789,2.332419,1.2510484610478176
2021-09-01,2.53,-61544.25121268,0.08,1.156,4.7,94.5,16.11,273.887,2.610662,1.2004046465481517
2021-10-01,2.68,-165055.36693325,0.08,1.156,4.5,94.559998,21.15,276.434,3.007604,1.2187663293544009
2021-11-01,2.62,-191335.04052197,0.08,1.156,4.1,96.940002,16.41,278.799,3.184384,1.2228101989717701
2021-12-01,2.65,-21303.12942523,0.08,1.157,3.9,96.910004,31.12,280.808,3.456458,1.2273226109943314
2022-01-01,2.93,118698.85824166,0.07,1.157,4.0,97.440002,17.22,282.39,3.965498,1.2245178774991492
2022-02-01,3.25,-216589.75205605,0.08,1.157,3.8,97.739998,21.96,284.535,4.280304,1.2298316888219303
2022-03-01,3.43,-192682.38665693,0.08,1.178,3.6,99.419998,33.32,287.553,4.534344,1.1809809580409667
2022-04-01,3.76,308215.06052679,0.33,1.178,3.7,103.93,19.63,288.764,4.703935,1.1495688289895742
2022-05-01,4.13,-66222.56120958,0.33,1.178,3.6,105.010002,32.34,291.359,4.950974,1.1540708165779467
2022-06-01,4.24,-88841.51292609,0.83,1.203,3.6,105.790001,25.69,294.996,5.39633,1.1239856033392115
2022-07-01,4.06,-211051.76005026,1.58,1.203,3.5,109.290001,26.7,294.977,5.59073,1.1396080553378718
2022-08-01,4.07,-219596.24094964,2.33,1.203,3.6,109.480003,22.84,295.209,5.951312,1.1269477525731364
2022-09-01,4.59,-429673.47896184,2.33,1.234,3.5,114.779999,25.56,296.341,6.348017,1.0766572233347678
2022-10-01,5.1,-87797.83631139,3.08,1.234,3.6,113.940002,31.62,297.863,6.312946,1.0778386653794503
2022-11-01,4.9,-248534.88065258,3.08,1.234,3.6,113.150002,25.81,298.648,6.422543,1.1054283664613596
2022-12-01,4.43,-85000.73657788,3.83,1.271,3.5,105.900002,19.84,298.812,6.538167,1.0794820136243544
2023-01-01,4.4,-38783.77183922,4.33,1.271,3.4,105.629997,21.67,300.356,6.487554,1.100516114937341
2023-02-01,4.56,-262433.84319423,4.33,1.271,3.6,105.360001,17.87,301.509,6.525,1.0824133617860578
2023-03-01,4.6,-378076.31647174,4.58,1.301,3.5,105.879997,20.58,301.744,6.390946,1.094253662526551
2023-04-01,4.47,176180.79034912,4.83,1.301,3.4,103.059998,18.7,303.032,6.264224,1.0952106883003268
2023-05-01,4.67,-240348.23965837,4.83,1.301,3.7,104.699997,16.08,303.365,5.975255,1.082739792599582
2023-06-01,4.65,-227768.41253805,5.08,1.33,3.6,104.5,15.65,304.003,5.586684,1.085025755766145
2023-07-01,4.66,-220782.0973536,5.08,1.33,3.5,103.57,13.59,304.628,5.405751,1.0918602043424066
2023-08-01,4.95,89255.57269373,5.33,1.33,3.8,104.449997,13.93,306.187,5.172225,1.0982129456263294
2023-09-01,5.13,-170982.20087478,5.33,1.349,3.8,106.839996,13.09,307.288,4.95977,1.0761133938629606
2023-10-01,5.61,-66563.55112973,5.33,1.349,3.8,107.349998,17.61,307.531,4.882928,1.0831849685720907
2023-11-01,5.28,-314012.00228709,5.33,1.349,3.7,107.110001,16.87,308.024,4.688293,1.1148764971117429
2023-12-01,4.74,-129365.41491979,5.33,1.361,3.7,104.260002,12.63,308.742,4.554396,1.1280737596969195
2024-01-01,4.87,-21930.35633102,5.33,1.361,3.7,103.82,13.2,309.685,4.603922367,1.134727581164778
2024-02-01,5.03,-296274.64807989,5.33,1.361,3.9,104.980003,13.88,311.054,4.403102398,1.1317400789648098
2024-03-01,5.01,-236456.8239502,5.33,1.361,3.8,104.730003,13.11,312.23,4.509212494,1.1385989597552695
